State,Year,Period_Month,Seas_ Adj,Preliminary,Employed,Labor_Force,Unemployed,Unemployment_Rate
Nevada,2023,January,FALSE,FALSE,1482624,1571159,88535,5.6 
Nevada,2023,January,TRUE,FALSE,1482858,1569407,86549,5.5 
Nevada,2023,February,FALSE,FALSE,1491423,1581180,89757,5.7 
Nevada,2023,February,TRUE,FALSE,1483635,1570746,87111,5.5 
Nevada,2023,March,FALSE,FALSE,1492905,1578300,85395,5.4 
Nevada,2023,March,TRUE,FALSE,1486024,1572677,86653,5.5 
Nevada,2023,April,FALSE,FALSE,1497751,1579087,81336,5.2 
Nevada,2023,April,TRUE,FALSE,1489979,1575704,85725,5.4 
Nevada,2023,May,FALSE,FALSE,1503297,1586842,83545,5.3 
Nevada,2023,May,TRUE,FALSE,1494527,1579668,85141,5.4 
Nevada,2023,June,FALSE,FALSE,1495269,1585738,90469,5.7 
Nevada,2023,June,TRUE,FALSE,1497899,1582601,84702,5.4 
Nevada,2023,July,FALSE,FALSE,1502904,1595040,92136,5.8 
Nevada,2023,July,FALSE,TRUE,1503028,1595292,92264,5.8 
Nevada,2023,July,TRUE,FALSE,1501266,1585979,84713,5.3 
Nevada,2023,July,TRUE,TRUE,1501290,1586028,84738,5.3 
Nevada,2023,August,FALSE,FALSE,1519123,1612173,93050,5.8 
Nevada,2023,August,TRUE,FALSE,1506264,1591884,85620,5.4 
Nevada,2023,September,FALSE,FALSE,1539814,1627027,87213,5.4 
Nevada,2023,September,FALSE,TRUE,1539597,1626881,87284,5.4 
Nevada,2023,September,TRUE,FALSE,1513756,1600363,86607,5.4 
Nevada,2023,September,TRUE,TRUE,1513715,1600335,86620,5.4 
Nevada,2023,October,FALSE,FALSE,1540039,1623120,83081,5.1 
Nevada,2023,October,FALSE,TRUE,1540048,1623208,83160,5.1 
Nevada,2023,October,TRUE,FALSE,1520261,1607481,87220,5.4 
Nevada,2023,October,TRUE,TRUE,1520262,1607497,87235,5.4 
Nevada,2023,November,FALSE,TRUE,1554978,1634088,79110,4.8 
Nevada,2023,November,TRUE,TRUE,1529085,1616249,87164,5.4 
Nevada,2022,Annual,FALSE,FALSE,1466213,1549859,83646,5.4 
Nevada,2022,January,FALSE,FALSE,1418567,1505999,87432,5.8 
Nevada,2022,January,TRUE,FALSE,1425261,1506448,81187,5.4 
Nevada,2022,February,FALSE,FALSE,1441118,1524000,82882,5.4 
Nevada,2022,February,TRUE,FALSE,1436822,1517654,80832,5.3 
Nevada,2022,March,FALSE,FALSE,1450954,1530468,79514,5.2 
Nevada,2022,March,TRUE,FALSE,1447623,1528283,80660,5.3 
Nevada,2022,April,FALSE,FALSE,1451781,1531783,80002,5.2 
Nevada,2022,April,TRUE,FALSE,1457650,1538332,80682,5.2 
Nevada,2022,May,FALSE,FALSE,1466411,1547500,81089,5.2 
Nevada,2022,May,TRUE,FALSE,1466173,1547113,80940,5.2 
Nevada,2022,June,FALSE,FALSE,1465351,1552522,87171,5.6 
Nevada,2022,June,TRUE,FALSE,1473407,1555018,81611,5.2 
Nevada,2022,July,FALSE,FALSE,1474665,1561199,86534,5.5 
Nevada,2022,July,TRUE,FALSE,1479206,1562093,82887,5.3 
Nevada,2022,August,FALSE,FALSE,1483506,1572396,88890,5.7 
Nevada,2022,August,TRUE,FALSE,1484533,1569078,84545,5.4 
Nevada,2022,September,FALSE,FALSE,1488826,1571408,82582,5.3 
Nevada,2022,September,TRUE,FALSE,1482355,1568315,85960,5.5 
Nevada,2022,October,FALSE,FALSE,1487359,1571951,84592,5.4 
Nevada,2022,October,TRUE,FALSE,1481151,1568077,86926,5.5 
Nevada,2022,November,FALSE,FALSE,1483840,1566809,82969,5.3 
Nevada,2022,November,TRUE,FALSE,1481255,1568117,86862,5.5 
Nevada,2022,December,FALSE,FALSE,1482177,1562272,80095,5.1 
Nevada,2022,December,TRUE,FALSE,1481776,1568319,86543,5.5 
Nevada,2021,Annual,FALSE,FALSE,1395651,1499499,103848,6.9 
Nevada,2021,January,FALSE,FALSE,1360780,1499997,139217,9.3 
Nevada,2021,January,TRUE,FALSE,1368998,1504285,135287,9.0 
Nevada,2021,February,FALSE,FALSE,1379298,1508877,129579,8.6 
Nevada,2021,February,TRUE,FALSE,1375796,1503903,128107,8.5 
Nevada,2021,March,FALSE,FALSE,1382890,1503124,120234,8.0 
Nevada,2021,March,TRUE,FALSE,1382561,1503443,120882,8.0 
Nevada,2021,April,FALSE,FALSE,1385905,1502419,116514,7.8 
Nevada,2021,April,TRUE,FALSE,1388969,1504520,115551,7.7 
Nevada,2021,May,FALSE,FALSE,1394885,1500413,105528,7.0 
Nevada,2021,May,TRUE,FALSE,1394370,1503525,109155,7.3 
Nevada,2021,June,FALSE,FALSE,1390040,1501596,111556,7.4 
Nevada,2021,June,TRUE,FALSE,1398651,1503407,104756,7.0 
Nevada,2021,July,FALSE,FALSE,1399871,1505999,106128,7.0 
Nevada,2021,July,TRUE,FALSE,1401193,1500687,99494,6.6 
Nevada,2021,August,FALSE,FALSE,1400331,1498983,98652,6.6 
Nevada,2021,August,TRUE,FALSE,1403270,1497840,94570,6.3 
Nevada,2021,September,FALSE,FALSE,1408869,1495167,86298,5.8 
Nevada,2021,September,TRUE,FALSE,1404908,1494556,89648,6.0 
Nevada,2021,October,FALSE,FALSE,1413335,1494840,81505,5.5 
Nevada,2021,October,TRUE,FALSE,1407374,1493591,86217,5.8 
Nevada,2021,November,FALSE,FALSE,1418057,1495360,77303,5.2 
Nevada,2021,November,TRUE,FALSE,1410063,1493612,83549,5.6 
Nevada,2021,December,FALSE,FALSE,1413555,1487217,73662,5.0 
Nevada,2021,December,TRUE,FALSE,1413547,1495301,81754,5.5 
Nevada,2020,Annual,FALSE,FALSE,1299640,1502848,203208,13.5 
Nevada,2020,January,FALSE,FALSE,1494529,1556207,61678,4.0 
Nevada,2020,January,TRUE,FALSE,1498319,1557061,58742,3.8 
Nevada,2020,February,FALSE,FALSE,1512122,1565577,53455,3.4 
Nevada,2020,February,TRUE,FALSE,1495176,1557556,62380,4.0 
Nevada,2020,March,FALSE,FALSE,1420678,1527392,106714,7.0 
Nevada,2020,March,TRUE,FALSE,1426039,1549483,123444,8.0 
Nevada,2020,April,FALSE,FALSE,1014177,1398638,384461,27.5 
Nevada,2020,April,TRUE,FALSE,1018117,1424442,406325,28.5 
Nevada,2020,May,FALSE,FALSE,1029703,1355975,326272,24.1 
Nevada,2020,May,TRUE,FALSE,1043396,1362621,319225,23.4 
Nevada,2020,June,FALSE,FALSE,1208916,1511715,302799,20.0 
Nevada,2020,June,TRUE,FALSE,1212146,1487179,275033,18.5 
Nevada,2020,July,FALSE,FALSE,1247889,1527302,279413,18.3 
Nevada,2020,July,TRUE,FALSE,1255208,1509304,254096,16.8 
Nevada,2020,August,FALSE,FALSE,1291944,1519349,227405,15.0 
Nevada,2020,August,TRUE,FALSE,1287179,1509581,222402,14.7 
Nevada,2020,September,FALSE,FALSE,1316313,1518403,202090,13.3 
Nevada,2020,September,TRUE,FALSE,1314409,1521245,206836,13.6 
Nevada,2020,October,FALSE,FALSE,1347573,1520482,172909,11.4 
Nevada,2020,October,TRUE,FALSE,1333401,1516600,183199,12.1 
Nevada,2020,November,FALSE,FALSE,1355628,1518256,162628,10.7 
Nevada,2020,November,TRUE,FALSE,1347817,1518249,170432,11.2 
Nevada,2020,December,FALSE,FALSE,1356211,1514880,158669,10.5 
Nevada,2020,December,TRUE,FALSE,1358304,1522404,164100,10.8 
Nevada,2019,Annual,FALSE,FALSE,1479777,1541772,61995,4.0 
Nevada,2019,January,FALSE,FALSE,1446944,1518231,71287,4.7 
Nevada,2019,January,TRUE,FALSE,1455672,1524671,68999,4.5 
Nevada,2019,February,FALSE,FALSE,1468477,1532958,64481,4.2 
Nevada,2019,February,TRUE,FALSE,1460711,1529558,68847,4.5 
Nevada,2019,March,FALSE,FALSE,1466958,1531143,64185,4.2 
Nevada,2019,March,TRUE,FALSE,1465634,1532659,67025,4.4 
Nevada,2019,April,FALSE,FALSE,1465810,1526010,60200,3.9 
Nevada,2019,April,TRUE,FALSE,1470507,1534364,63857,4.2 
Nevada,2019,May,FALSE,FALSE,1474499,1534157,59658,3.9 
Nevada,2019,May,TRUE,FALSE,1475161,1535456,60295,3.9 
Nevada,2019,June,FALSE,FALSE,1474541,1538045,63504,4.1 
Nevada,2019,June,TRUE,FALSE,1479463,1536954,57491,3.7 
Nevada,2019,July,FALSE,FALSE,1481832,1547546,65714,4.2 
Nevada,2019,July,TRUE,FALSE,1483347,1539584,56237,3.7 
Nevada,2019,August,FALSE,FALSE,1481009,1543528,62519,4.1 
Nevada,2019,August,TRUE,FALSE,1486905,1543567,56662,3.7 
Nevada,2019,September,FALSE,FALSE,1495210,1555421,60211,3.9 
Nevada,2019,September,TRUE,FALSE,1490624,1548847,58223,3.8 
Nevada,2019,October,FALSE,FALSE,1501764,1561207,59443,3.8 
Nevada,2019,October,TRUE,FALSE,1494334,1554200,59866,3.9 
Nevada,2019,November,FALSE,FALSE,1503271,1559577,56306,3.6 
Nevada,2019,November,TRUE,FALSE,1497511,1557632,60121,3.9 
Nevada,2019,December,FALSE,FALSE,1497006,1553436,56430,3.6 
Nevada,2019,December,TRUE,FALSE,1499069,1558067,58998,3.8 
Nevada,2018,Annual,FALSE,FALSE,1427371,1492831,65460,4.4 
Nevada,2018,January,FALSE,FALSE,1387611,1460798,73187,5.0 
Nevada,2018,January,TRUE,FALSE,1398904,1470869,71965,4.9 
Nevada,2018,February,FALSE,FALSE,1412307,1482370,70063,4.7 
Nevada,2018,February,TRUE,FALSE,1404901,1476446,71545,4.8 
Nevada,2018,March,FALSE,FALSE,1413140,1481651,68511,4.6 
Nevada,2018,March,TRUE,FALSE,1411555,1481564,70009,4.7 
Nevada,2018,April,FALSE,FALSE,1414481,1480215,65734,4.4 
Nevada,2018,April,TRUE,FALSE,1417957,1485423,67466,4.5 
Nevada,2018,May,FALSE,FALSE,1427373,1488814,61441,4.1 
Nevada,2018,May,TRUE,FALSE,1423421,1487956,64535,4.3 
Nevada,2018,June,FALSE,FALSE,1424420,1492166,67746,4.5 
Nevada,2018,June,TRUE,FALSE,1427861,1489801,61940,4.2 
Nevada,2018,July,FALSE,FALSE,1434063,1500672,66609,4.4 
Nevada,2018,July,TRUE,FALSE,1431447,1491725,60278,4.0 
Nevada,2018,August,FALSE,FALSE,1425476,1489851,64375,4.3 
Nevada,2018,August,TRUE,FALSE,1434660,1494685,60025,4.0 
Nevada,2018,September,FALSE,FALSE,1439977,1503356,63379,4.2 
Nevada,2018,September,TRUE,FALSE,1437959,1499101,61142,4.1 
Nevada,2018,October,FALSE,FALSE,1449017,1510362,61345,4.1 
Nevada,2018,October,TRUE,FALSE,1441672,1504832,63160,4.2 
Nevada,2018,November,FALSE,FALSE,1452708,1512417,59709,3.9 
Nevada,2018,November,TRUE,FALSE,1445949,1511457,65508,4.3 
Nevada,2018,December,FALSE,FALSE,1447874,1511300,63426,4.2 
Nevada,2018,December,TRUE,FALSE,1450701,1518368,67667,4.5 
Nevada,2017,Annual,FALSE,FALSE,1372022,1444262,72240,5.0 
Nevada,2017,January,FALSE,FALSE,1336449,1415919,79470,5.6 
Nevada,2017,January,TRUE,FALSE,1345895,1422626,76731,5.4 
Nevada,2017,February,FALSE,FALSE,1354953,1431505,76552,5.3 
Nevada,2017,February,TRUE,FALSE,1351001,1427127,76126,5.3 
Nevada,2017,March,FALSE,FALSE,1359668,1432867,73199,5.1 
Nevada,2017,March,TRUE,FALSE,1356268,1431411,75143,5.2 
Nevada,2017,April,FALSE,FALSE,1361615,1434721,73106,5.1 
Nevada,2017,April,TRUE,FALSE,1361526,1435347,73821,5.1 
Nevada,2017,May,FALSE,FALSE,1369129,1438829,69700,4.8 
Nevada,2017,May,TRUE,FALSE,1366662,1438906,72244,5.0 
Nevada,2017,June,FALSE,FALSE,1368906,1442440,73534,5.1 
Nevada,2017,June,TRUE,FALSE,1371436,1442180,70744,4.9 
Nevada,2017,July,FALSE,FALSE,1376240,1450571,74331,5.1 
Nevada,2017,July,TRUE,FALSE,1375795,1445520,69725,4.8 
Nevada,2017,August,FALSE,FALSE,1374396,1447303,72907,5.0 
Nevada,2017,August,TRUE,FALSE,1379704,1449012,69308,4.8 
Nevada,2017,September,FALSE,FALSE,1389221,1460755,71534,4.9 
Nevada,2017,September,TRUE,FALSE,1383214,1452637,69423,4.8 
Nevada,2017,October,FALSE,FALSE,1390236,1457739,67503,4.6 
Nevada,2017,October,TRUE,FALSE,1386589,1456539,69950,4.8 
Nevada,2017,November,FALSE,FALSE,1393960,1461414,67454,4.6 
Nevada,2017,November,TRUE,FALSE,1390016,1460795,70779,4.8 
Nevada,2017,December,FALSE,FALSE,1389490,1457082,67592,4.6 
Nevada,2017,December,TRUE,FALSE,1393994,1465560,71566,4.9 
Nevada,2016,Annual,FALSE,FALSE,1332390,1414233,81843,5.8 
Nevada,2016,January,FALSE,FALSE,1308538,1398878,90340,6.5 
Nevada,2016,January,TRUE,FALSE,1317857,1405588,87731,6.2 
Nevada,2016,February,FALSE,FALSE,1324495,1410638,86143,6.1 
Nevada,2016,February,TRUE,FALSE,1320668,1407222,86554,6.2 
Nevada,2016,March,FALSE,FALSE,1326013,1412514,86501,6.1 
Nevada,2016,March,TRUE,FALSE,1323153,1408473,85320,6.1 
Nevada,2016,April,FALSE,FALSE,1323100,1406794,83694,5.9 
Nevada,2016,April,TRUE,FALSE,1325445,1409538,84093,6.0 
Nevada,2016,May,FALSE,FALSE,1332535,1411202,78667,5.6 
Nevada,2016,May,TRUE,FALSE,1327774,1410785,83011,5.9 
Nevada,2016,June,FALSE,FALSE,1328997,1414193,85196,6.0 
Nevada,2016,June,TRUE,FALSE,1330298,1412384,82086,5.8 
Nevada,2016,July,FALSE,FALSE,1336447,1420329,83882,5.9 
Nevada,2016,July,TRUE,FALSE,1333032,1414241,81209,5.7 
Nevada,2016,August,FALSE,FALSE,1333221,1413917,80696,5.7 
Nevada,2016,August,TRUE,FALSE,1335898,1416277,80379,5.7 
Nevada,2016,September,FALSE,FALSE,1340083,1420949,80866,5.7 
Nevada,2016,September,TRUE,FALSE,1338773,1418474,79701,5.6 
Nevada,2016,October,FALSE,FALSE,1344559,1422918,78359,5.5 
Nevada,2016,October,TRUE,FALSE,1341689,1420709,79020,5.6 
Nevada,2016,November,FALSE,FALSE,1348481,1422198,73717,5.2 
Nevada,2016,November,TRUE,FALSE,1344990,1423131,78141,5.5 
Nevada,2016,December,FALSE,FALSE,1342215,1416267,74052,5.2 
Nevada,2016,December,TRUE,FALSE,1348939,1426046,77107,5.4 
Nevada,2015,Annual,FALSE,FALSE,1301094,1396761,95667,6.8 
Nevada,2015,January,FALSE,FALSE,1277948,1385693,107745,7.8 
Nevada,2015,January,TRUE,FALSE,1287564,1390075,102511,7.4 
Nevada,2015,February,FALSE,FALSE,1291066,1393239,102173,7.3 
Nevada,2015,February,TRUE,FALSE,1290189,1391547,101358,7.3 
Nevada,2015,March,FALSE,FALSE,1292663,1389734,97071,7.0 
Nevada,2015,March,TRUE,FALSE,1292980,1393136,100156,7.2 
Nevada,2015,April,FALSE,FALSE,1294872,1392466,97594,7.0 
Nevada,2015,April,TRUE,FALSE,1295937,1394785,98848,7.1 
Nevada,2015,May,FALSE,FALSE,1307292,1403467,96175,6.9 
Nevada,2015,May,TRUE,FALSE,1298740,1396200,97460,7.0 
Nevada,2015,June,FALSE,FALSE,1300777,1398835,98058,7.0 
Nevada,2015,June,TRUE,FALSE,1301068,1397085,96017,6.9 
Nevada,2015,July,FALSE,FALSE,1305896,1405212,99316,7.1 
Nevada,2015,July,TRUE,FALSE,1302948,1397589,94641,6.8 
Nevada,2015,August,FALSE,FALSE,1302361,1396155,93794,6.7 
Nevada,2015,August,TRUE,FALSE,1304599,1398013,93414,6.7 
Nevada,2015,September,FALSE,FALSE,1306555,1398135,91580,6.6 
Nevada,2015,September,TRUE,FALSE,1306362,1398568,92206,6.6 
Nevada,2015,October,FALSE,FALSE,1310712,1399900,89188,6.4 
Nevada,2015,October,TRUE,FALSE,1308661,1399703,91042,6.5 
Nevada,2015,November,FALSE,FALSE,1313610,1401763,88153,6.3 
Nevada,2015,November,TRUE,FALSE,1311565,1401563,89998,6.4 
Nevada,2015,December,FALSE,FALSE,1309375,1396531,87156,6.2 
Nevada,2015,December,TRUE,FALSE,1314754,1403650,88896,6.3 
Nevada,2014,Annual,FALSE,FALSE,1267424,1380084,112660,8.2 
Nevada,2014,January,FALSE,FALSE,1241153,1366558,125405,9.2 
Nevada,2014,January,TRUE,FALSE,1250571,1373421,122850,8.9 
Nevada,2014,February,FALSE,FALSE,1254436,1377291,122855,8.9 
Nevada,2014,February,TRUE,FALSE,1253863,1374578,120715,8.8 
Nevada,2014,March,FALSE,FALSE,1258419,1381264,122845,8.9 
Nevada,2014,March,TRUE,FALSE,1256934,1375605,118671,8.6 
Nevada,2014,April,FALSE,FALSE,1258126,1366459,108333,7.9 
Nevada,2014,April,TRUE,FALSE,1259583,1376354,116771,8.5 
Nevada,2014,May,FALSE,FALSE,1267922,1380382,112460,8.1 
Nevada,2014,May,TRUE,FALSE,1262099,1376943,114844,8.3 
Nevada,2014,June,FALSE,FALSE,1265694,1379914,114220,8.3 
Nevada,2014,June,TRUE,FALSE,1264946,1377865,112919,8.2 
Nevada,2014,July,FALSE,FALSE,1271090,1389217,118127,8.5 
Nevada,2014,July,TRUE,FALSE,1268140,1379296,111156,8.1 
Nevada,2014,August,FALSE,FALSE,1267442,1380518,113076,8.2 
Nevada,2014,August,TRUE,FALSE,1271663,1381318,109655,7.9 
Nevada,2014,September,FALSE,FALSE,1276358,1383461,107103,7.7 
Nevada,2014,September,TRUE,FALSE,1275356,1383739,108383,7.8 
Nevada,2014,October,FALSE,FALSE,1284303,1388145,103842,7.5 
Nevada,2014,October,TRUE,FALSE,1278928,1385877,106949,7.7 
Nevada,2014,November,FALSE,FALSE,1285499,1388485,102986,7.4 
Nevada,2014,November,TRUE,FALSE,1282078,1387386,105308,7.6 
Nevada,2014,December,FALSE,FALSE,1278651,1379319,100668,7.3 
Nevada,2014,December,TRUE,FALSE,1284896,1388719,103823,7.5 
Nevada,2013,Annual,FALSE,FALSE,1234021,1370727,136706,10.0 
Nevada,2013,January,FALSE,FALSE,1209796,1366071,156275,11.4 
Nevada,2013,January,TRUE,FALSE,1222071,1368931,146860,10.7 
Nevada,2013,February,FALSE,FALSE,1223557,1368694,145137,10.6 
Nevada,2013,February,TRUE,FALSE,1223325,1368771,145446,10.6 
Nevada,2013,March,FALSE,FALSE,1223210,1363978,140768,10.3 
Nevada,2013,March,TRUE,FALSE,1225232,1368999,143767,10.5 
Nevada,2013,April,FALSE,FALSE,1227713,1364260,136547,10.0 
Nevada,2013,April,TRUE,FALSE,1227979,1369806,141827,10.4 
Nevada,2013,May,FALSE,FALSE,1237207,1373968,136761,10.0 
Nevada,2013,May,TRUE,FALSE,1231067,1370943,139876,10.2 
Nevada,2013,June,FALSE,FALSE,1234255,1378180,143925,10.4 
Nevada,2013,June,TRUE,FALSE,1233932,1372012,138080,10.1 
Nevada,2013,July,FALSE,FALSE,1240470,1381532,141062,10.2 
Nevada,2013,July,TRUE,FALSE,1236337,1372712,136375,9.9 
Nevada,2013,August,FALSE,FALSE,1237246,1372404,135158,9.8 
Nevada,2013,August,TRUE,FALSE,1238307,1372608,134301,9.8 
Nevada,2013,September,FALSE,FALSE,1243796,1375850,132054,9.6 
Nevada,2013,September,TRUE,FALSE,1240084,1371772,131688,9.6 
Nevada,2013,October,FALSE,FALSE,1240559,1369766,129207,9.4 
Nevada,2013,October,TRUE,FALSE,1242032,1371166,129134,9.4 
Nevada,2013,November,FALSE,FALSE,1248012,1370550,122538,8.9 
Nevada,2013,November,TRUE,FALSE,1244462,1371342,126880,9.3 
Nevada,2013,December,FALSE,FALSE,1242428,1363471,121043,8.9 
Nevada,2013,December,TRUE,FALSE,1247354,1372217,124863,9.1 
Nevada,2012,Annual,FALSE,FALSE,1207733,1366208,158475,11.6 
Nevada,2012,January,FALSE,FALSE,1182062,1352031,169969,12.6 
Nevada,2012,January,TRUE,FALSE,1195245,1363603,168358,12.3 
Nevada,2012,February,FALSE,FALSE,1197510,1365251,167741,12.3 
Nevada,2012,February,TRUE,FALSE,1197373,1363319,165946,12.2 
Nevada,2012,March,FALSE,FALSE,1198222,1362237,164015,12.0 
Nevada,2012,March,TRUE,FALSE,1199248,1363757,164509,12.1 
Nevada,2012,April,FALSE,FALSE,1199412,1357994,158582,11.7 
Nevada,2012,April,TRUE,FALSE,1200986,1364616,163630,12.0 
Nevada,2012,May,FALSE,FALSE,1210331,1369670,159339,11.6 
Nevada,2012,May,TRUE,FALSE,1202977,1365728,162751,11.9 
Nevada,2012,June,FALSE,FALSE,1206213,1370416,164203,12.0 
Nevada,2012,June,TRUE,FALSE,1205447,1366798,161351,11.8 
Nevada,2012,July,FALSE,FALSE,1209108,1375685,166577,12.1 
Nevada,2012,July,TRUE,FALSE,1208382,1367483,159101,11.6 
Nevada,2012,August,FALSE,FALSE,1208475,1368834,160359,11.7 
Nevada,2012,August,TRUE,FALSE,1211574,1367955,156381,11.4 
Nevada,2012,September,FALSE,FALSE,1218388,1369862,151474,11.1 
Nevada,2012,September,TRUE,FALSE,1214739,1368573,153834,11.2 
Nevada,2012,October,FALSE,FALSE,1224109,1373258,149149,10.9 
Nevada,2012,October,TRUE,FALSE,1217434,1369063,151629,11.1 
Nevada,2012,November,FALSE,FALSE,1222465,1365167,142702,10.5 
Nevada,2012,November,TRUE,FALSE,1219490,1369310,149820,10.9 
Nevada,2012,December,FALSE,FALSE,1216505,1364095,147590,10.8 
Nevada,2012,December,TRUE,FALSE,1220968,1369233,148265,10.8 
Nevada,2011,Annual,FALSE,FALSE,1179653,1360791,181138,13.3 
Nevada,2011,January,FALSE,FALSE,1160198,1351230,191032,14.1 
Nevada,2011,January,TRUE,FALSE,1171682,1357776,186094,13.7 
Nevada,2011,February,FALSE,FALSE,1171688,1356426,184738,13.6 
Nevada,2011,February,TRUE,FALSE,1172858,1357524,184666,13.6 
Nevada,2011,March,FALSE,FALSE,1173842,1356096,182254,13.4 
Nevada,2011,March,TRUE,FALSE,1173836,1357202,183366,13.5 
Nevada,2011,April,FALSE,FALSE,1174331,1354293,179962,13.3 
Nevada,2011,April,TRUE,FALSE,1174492,1357102,182610,13.5 
Nevada,2011,May,FALSE,FALSE,1181172,1358765,177593,13.1 
Nevada,2011,May,TRUE,FALSE,1175043,1357610,182567,13.4 
Nevada,2011,June,FALSE,FALSE,1173987,1359183,185196,13.6 
Nevada,2011,June,TRUE,FALSE,1175945,1358808,182863,13.5 
Nevada,2011,July,FALSE,FALSE,1179896,1365882,185986,13.6 
Nevada,2011,July,TRUE,FALSE,1177623,1360553,182930,13.4 
Nevada,2011,August,FALSE,FALSE,1180226,1365853,185627,13.6 
Nevada,2011,August,TRUE,FALSE,1180132,1362462,182330,13.4 
Nevada,2011,September,FALSE,FALSE,1185754,1369038,183284,13.4 
Nevada,2011,September,TRUE,FALSE,1183282,1364043,180761,13.3 
Nevada,2011,October,FALSE,FALSE,1190835,1367704,176869,12.9 
Nevada,2011,October,TRUE,FALSE,1186737,1364991,178254,13.1 
Nevada,2011,November,FALSE,FALSE,1194121,1363958,169837,12.5 
Nevada,2011,November,TRUE,FALSE,1190017,1365040,175023,12.8 
Nevada,2011,December,FALSE,FALSE,1189781,1361060,171279,12.6 
Nevada,2011,December,TRUE,FALSE,1192847,1364376,171529,12.6 
Nevada,2010,Annual,FALSE,FALSE,1171879,1358860,186981,13.8 
Nevada,2010,January,FALSE,FALSE,1164171,1355110,190939,14.1 
Nevada,2010,January,TRUE,FALSE,1175465,1358406,182941,13.5 
Nevada,2010,February,FALSE,FALSE,1172226,1361228,189002,13.9 
Nevada,2010,February,TRUE,FALSE,1174541,1359771,185230,13.6 
Nevada,2010,March,FALSE,FALSE,1169905,1358270,188365,13.9 
Nevada,2010,March,TRUE,FALSE,1173988,1360604,186616,13.7 
Nevada,2010,April,FALSE,FALSE,1176874,1361771,184897,13.6 
Nevada,2010,April,TRUE,FALSE,1173507,1360595,187088,13.8 
Nevada,2010,May,FALSE,FALSE,1178017,1360190,182173,13.4 
Nevada,2010,May,TRUE,FALSE,1173032,1359713,186681,13.7 
Nevada,2010,June,FALSE,FALSE,1171510,1356432,184922,13.6 
Nevada,2010,June,TRUE,FALSE,1172324,1358272,185948,13.7 
Nevada,2010,July,FALSE,FALSE,1173752,1363584,189832,13.9 
Nevada,2010,July,TRUE,FALSE,1171332,1357070,185738,13.7 
Nevada,2010,August,FALSE,FALSE,1171726,1358629,186903,13.8 
Nevada,2010,August,TRUE,FALSE,1170347,1356662,186315,13.7 
Nevada,2010,September,FALSE,FALSE,1174240,1362212,187972,13.8 
Nevada,2010,September,TRUE,FALSE,1169573,1356846,187273,13.8 
Nevada,2010,October,FALSE,FALSE,1172429,1356113,183684,13.5 
Nevada,2010,October,TRUE,FALSE,1169345,1357352,188007,13.9 
Nevada,2010,November,FALSE,FALSE,1171639,1359913,188274,13.8 
Nevada,2010,November,TRUE,FALSE,1169711,1357786,188075,13.9 
Nevada,2010,December,FALSE,FALSE,1166058,1352872,186814,13.8 
Nevada,2010,December,TRUE,FALSE,1170535,1357880,187345,13.8 
Nevada,2009,Annual,FALSE,FALSE,1207052,1367367,160315,11.7 
Nevada,2009,January,FALSE,FALSE,1230528,1371623,141095,10.3 
Nevada,2009,January,TRUE,FALSE,1243320,1377435,134115,9.7 
Nevada,2009,February,FALSE,FALSE,1233107,1378995,145888,10.6 
Nevada,2009,February,TRUE,FALSE,1235176,1376206,141030,10.2 
Nevada,2009,March,FALSE,FALSE,1222080,1370845,148765,10.9 
Nevada,2009,March,TRUE,FALSE,1227786,1374816,147030,10.7 
Nevada,2009,April,FALSE,FALSE,1221734,1367751,146017,10.7 
Nevada,2009,April,TRUE,FALSE,1221385,1373429,152044,11.1 
Nevada,2009,May,FALSE,FALSE,1218833,1371546,152713,11.1 
Nevada,2009,May,TRUE,FALSE,1215496,1371955,156459,11.4 
Nevada,2009,June,FALSE,FALSE,1209714,1374022,164308,12.0 
Nevada,2009,June,TRUE,FALSE,1209700,1370321,160621,11.7 
Nevada,2009,July,FALSE,FALSE,1209792,1376470,166678,12.1 
Nevada,2009,July,TRUE,FALSE,1203710,1368177,164467,12.0 
Nevada,2009,August,FALSE,FALSE,1200743,1368439,167696,12.3 
Nevada,2009,August,TRUE,FALSE,1197462,1365329,167867,12.3 
Nevada,2009,September,FALSE,FALSE,1192238,1363372,171134,12.6 
Nevada,2009,September,TRUE,FALSE,1191275,1362186,170911,12.5 
Nevada,2009,October,FALSE,FALSE,1187988,1361396,173408,12.7 
Nevada,2009,October,TRUE,FALSE,1185525,1359279,173754,12.8 
Nevada,2009,November,FALSE,FALSE,1186781,1357869,171088,12.6 
Nevada,2009,November,TRUE,FALSE,1180770,1357494,176724,13.0 
Nevada,2009,December,FALSE,FALSE,1171090,1346074,174984,13.0 
Nevada,2009,December,TRUE,FALSE,1177391,1357344,179953,13.3 
Nevada,2008,Annual,FALSE,FALSE,1278789,1373107,94318,6.9 
Nevada,2008,January,FALSE,FALSE,1282920,1361703,78783,5.8 
Nevada,2008,January,TRUE,FALSE,1291670,1364101,72431,5.3 
Nevada,2008,February,FALSE,FALSE,1288436,1364518,76082,5.6 
Nevada,2008,February,TRUE,FALSE,1291488,1366231,74743,5.5 
Nevada,2008,March,FALSE,FALSE,1286687,1365034,78347,5.7 
Nevada,2008,March,TRUE,FALSE,1290616,1368224,77608,5.7 
Nevada,2008,April,FALSE,FALSE,1287781,1365736,77955,5.7 
Nevada,2008,April,TRUE,FALSE,1289063,1370126,81063,5.9 
Nevada,2008,May,FALSE,FALSE,1289311,1372658,83347,6.1 
Nevada,2008,May,TRUE,FALSE,1286907,1371914,85007,6.2 
Nevada,2008,June,FALSE,FALSE,1284833,1375428,90595,6.6 
Nevada,2008,June,TRUE,FALSE,1284291,1373585,89294,6.5 
Nevada,2008,July,FALSE,FALSE,1286665,1383013,96348,7.0 
Nevada,2008,July,TRUE,FALSE,1281173,1375054,93881,6.8 
Nevada,2008,August,FALSE,FALSE,1276651,1377173,100522,7.3 
Nevada,2008,August,TRUE,FALSE,1277347,1376217,98870,7.2 
Nevada,2008,September,FALSE,FALSE,1275374,1377645,102271,7.4 
Nevada,2008,September,TRUE,FALSE,1272537,1377125,104588,7.6 
Nevada,2008,October,FALSE,FALSE,1273913,1381406,107493,7.8 
Nevada,2008,October,TRUE,FALSE,1266591,1377911,111320,8.1 
Nevada,2008,November,FALSE,FALSE,1264023,1377445,113422,8.2 
Nevada,2008,November,TRUE,FALSE,1259504,1378359,118855,8.6 
Nevada,2008,December,FALSE,FALSE,1248870,1375519,126649,9.2 
Nevada,2008,December,TRUE,FALSE,1251597,1378215,126618,9.2 
Nevada,2007,Annual,FALSE,FALSE,1282414,1344209,61795,4.6 
Nevada,2007,January,FALSE,FALSE,1261791,1322926,61135,4.6 
Nevada,2007,January,TRUE,FALSE,1273015,1327708,54693,4.1 
Nevada,2007,February,FALSE,FALSE,1273775,1331035,57260,4.3 
Nevada,2007,February,TRUE,FALSE,1275701,1331183,55482,4.2 
Nevada,2007,March,FALSE,FALSE,1275570,1331555,55985,4.2 
Nevada,2007,March,TRUE,FALSE,1277645,1334075,56430,4.2 
Nevada,2007,April,FALSE,FALSE,1274251,1331665,57414,4.3 
Nevada,2007,April,TRUE,FALSE,1279106,1336648,57542,4.3 
Nevada,2007,May,FALSE,FALSE,1282426,1338126,55700,4.2 
Nevada,2007,May,TRUE,FALSE,1280394,1339270,58876,4.4 
Nevada,2007,June,FALSE,FALSE,1282871,1344743,61872,4.6 
Nevada,2007,June,TRUE,FALSE,1281753,1342122,60369,4.5 
Nevada,2007,July,FALSE,FALSE,1288941,1353594,64653,4.8 
Nevada,2007,July,TRUE,FALSE,1283216,1345169,61953,4.6 
Nevada,2007,August,FALSE,FALSE,1283445,1346561,63116,4.7 
Nevada,2007,August,TRUE,FALSE,1284830,1348473,63643,4.7 
Nevada,2007,September,FALSE,FALSE,1290496,1355349,64853,4.8 
Nevada,2007,September,TRUE,FALSE,1286632,1352002,65370,4.8 
Nevada,2007,October,FALSE,FALSE,1292453,1356407,63954,4.7 
Nevada,2007,October,TRUE,FALSE,1288393,1355515,67122,5.0 
Nevada,2007,November,FALSE,FALSE,1295791,1360643,64852,4.8 
Nevada,2007,November,TRUE,FALSE,1289934,1358745,68811,5.1 
Nevada,2007,December,FALSE,FALSE,1287152,1357901,70749,5.2 
Nevada,2007,December,TRUE,FALSE,1291127,1361625,70498,5.2 
Nevada,2006,Annual,FALSE,FALSE,1239263,1291512,52249,4.0 
Nevada,2006,January,FALSE,FALSE,1197311,1250003,52692,4.2 
Nevada,2006,January,TRUE,FALSE,1208656,1258441,49785,4.0 
Nevada,2006,February,FALSE,FALSE,1214090,1266496,52406,4.1 
Nevada,2006,February,TRUE,FALSE,1214044,1264123,50079,4.0 
Nevada,2006,March,FALSE,FALSE,1216052,1267260,51208,4.0 
Nevada,2006,March,TRUE,FALSE,1219558,1270318,50760,4.0 
Nevada,2006,April,FALSE,FALSE,1221683,1274182,52499,4.1 
Nevada,2006,April,TRUE,FALSE,1225043,1276714,51671,4.0 
Nevada,2006,May,FALSE,FALSE,1232307,1281595,49288,3.8 
Nevada,2006,May,TRUE,FALSE,1230505,1282975,52470,4.1 
Nevada,2006,June,FALSE,FALSE,1236724,1290971,54247,4.2 
Nevada,2006,June,TRUE,FALSE,1235957,1288880,52923,4.1 
Nevada,2006,July,FALSE,FALSE,1244707,1300594,55887,4.3 
Nevada,2006,July,TRUE,FALSE,1241605,1294646,53041,4.1 
Nevada,2006,August,FALSE,FALSE,1249625,1302666,53041,4.1 
Nevada,2006,August,TRUE,FALSE,1247515,1300611,53096,4.1 
Nevada,2006,September,FALSE,FALSE,1254264,1306655,52391,4.0 
Nevada,2006,September,TRUE,FALSE,1253515,1306774,53259,4.1 
Nevada,2006,October,FALSE,FALSE,1265359,1314760,49401,3.8 
Nevada,2006,October,TRUE,FALSE,1259390,1312862,53472,4.1 
Nevada,2006,November,FALSE,FALSE,1269171,1320419,51248,3.9 
Nevada,2006,November,TRUE,FALSE,1264827,1318570,53743,4.1 
Nevada,2006,December,FALSE,FALSE,1269865,1322548,52683,4.0 
Nevada,2006,December,TRUE,FALSE,1269442,1323560,54118,4.1 
Nevada,2005,Annual,FALSE,FALSE,1177587,1228449,50862,4.1 
Nevada,2005,January,FALSE,FALSE,1139451,1195918,56467,4.7 
Nevada,2005,January,TRUE,FALSE,1149962,1201124,51162,4.3 
Nevada,2005,February,FALSE,FALSE,1153736,1207589,53853,4.5 
Nevada,2005,February,TRUE,FALSE,1154565,1205680,51115,4.2 
Nevada,2005,March,FALSE,FALSE,1154677,1205040,50363,4.2 
Nevada,2005,March,TRUE,FALSE,1159620,1210546,50926,4.2 
Nevada,2005,April,FALSE,FALSE,1163643,1212824,49181,4.1 
Nevada,2005,April,TRUE,FALSE,1165081,1215779,50698,4.2 
Nevada,2005,May,FALSE,FALSE,1172061,1220161,48100,3.9 
Nevada,2005,May,TRUE,FALSE,1170797,1221363,50566,4.1 
Nevada,2005,June,FALSE,FALSE,1176524,1229786,53262,4.3 
Nevada,2005,June,TRUE,FALSE,1176365,1227044,50679,4.1 
Nevada,2005,July,FALSE,FALSE,1184760,1237719,52959,4.3 
Nevada,2005,July,TRUE,FALSE,1181486,1232503,51017,4.1 
Nevada,2005,August,FALSE,FALSE,1189890,1239475,49585,4.0 
Nevada,2005,August,TRUE,FALSE,1186098,1237385,51287,4.1 
Nevada,2005,September,FALSE,FALSE,1190802,1241914,51112,4.1 
Nevada,2005,September,TRUE,FALSE,1190337,1241575,51238,4.1 
Nevada,2005,October,FALSE,FALSE,1201475,1250389,48914,3.9 
Nevada,2005,October,TRUE,FALSE,1194538,1245346,50808,4.1 
Nevada,2005,November,FALSE,FALSE,1201227,1250776,49549,4.0 
Nevada,2005,November,TRUE,FALSE,1198920,1249182,50262,4.0 
Nevada,2005,December,FALSE,FALSE,1202801,1249798,46997,3.8 
Nevada,2005,December,TRUE,FALSE,1203581,1253457,49876,4.0 
Nevada,2004,Annual,FALSE,FALSE,1126205,1178651,52446,4.4 
Nevada,2004,January,FALSE,FALSE,1098760,1159816,61056,5.3 
Nevada,2004,January,TRUE,FALSE,1107754,1163180,55426,4.8 
Nevada,2004,February,FALSE,FALSE,1112081,1167391,55310,4.7 
Nevada,2004,February,TRUE,FALSE,1110585,1165251,54666,4.7 
Nevada,2004,March,FALSE,FALSE,1109177,1165495,56318,4.8 
Nevada,2004,March,TRUE,FALSE,1113440,1167541,54101,4.6 
Nevada,2004,April,FALSE,FALSE,1113080,1165353,52273,4.5 
Nevada,2004,April,TRUE,FALSE,1116534,1170127,53593,4.6 
Nevada,2004,May,FALSE,FALSE,1120631,1170155,49524,4.2 
Nevada,2004,May,TRUE,FALSE,1119945,1172939,52994,4.5 
Nevada,2004,June,FALSE,FALSE,1123113,1178190,55077,4.7 
Nevada,2004,June,TRUE,FALSE,1123666,1175947,52281,4.4 
Nevada,2004,July,FALSE,FALSE,1132509,1186467,53958,4.5 
Nevada,2004,July,TRUE,FALSE,1127564,1179137,51573,4.4 
Nevada,2004,August,FALSE,FALSE,1133975,1183560,49585,4.2 
Nevada,2004,August,TRUE,FALSE,1131457,1182474,51017,4.3 
Nevada,2004,September,FALSE,FALSE,1135122,1184438,49316,4.2 
Nevada,2004,September,TRUE,FALSE,1135183,1185922,50739,4.3 
Nevada,2004,October,FALSE,FALSE,1144270,1192201,47931,4.0 
Nevada,2004,October,TRUE,FALSE,1138683,1189438,50755,4.3 
Nevada,2004,November,FALSE,FALSE,1147043,1196072,49029,4.1 
Nevada,2004,November,TRUE,FALSE,1142139,1193034,50895,4.3 
Nevada,2004,December,FALSE,FALSE,1144693,1194668,49975,4.2 
Nevada,2004,December,TRUE,FALSE,1145822,1196891,51069,4.3 
Nevada,2003,Annual,FALSE,FALSE,1089893,1150376,60483,5.3 
Nevada,2003,January,FALSE,FALSE,1069565,1137499,67934,6.0 
Nevada,2003,January,TRUE,FALSE,1078469,1140824,62355,5.5 
Nevada,2003,February,FALSE,FALSE,1082325,1145582,63257,5.5 
Nevada,2003,February,TRUE,FALSE,1080294,1142496,62202,5.4 
Nevada,2003,March,FALSE,FALSE,1079474,1141504,62030,5.4 
Nevada,2003,March,TRUE,FALSE,1082404,1144406,62002,5.4 
Nevada,2003,April,FALSE,FALSE,1082902,1143889,60987,5.3 
Nevada,2003,April,TRUE,FALSE,1084395,1146247,61852,5.4 
Nevada,2003,May,FALSE,FALSE,1087315,1145389,58074,5.1 
Nevada,2003,May,TRUE,FALSE,1086007,1147822,61815,5.4 
Nevada,2003,June,FALSE,FALSE,1088261,1154038,65777,5.7 
Nevada,2003,June,TRUE,FALSE,1087432,1149241,61809,5.4 
Nevada,2003,July,FALSE,FALSE,1090472,1153206,62734,5.4 
Nevada,2003,July,TRUE,FALSE,1089097,1150665,61568,5.4 
Nevada,2003,August,FALSE,FALSE,1092301,1151468,59167,5.1 
Nevada,2003,August,TRUE,FALSE,1091261,1152200,60939,5.3 
Nevada,2003,September,FALSE,FALSE,1094932,1154403,59471,5.2 
Nevada,2003,September,TRUE,FALSE,1094058,1153973,59915,5.2 
Nevada,2003,October,FALSE,FALSE,1102554,1159067,56513,4.9 
Nevada,2003,October,TRUE,FALSE,1097432,1156108,58676,5.1 
Nevada,2003,November,FALSE,FALSE,1104485,1160731,56246,4.8 
Nevada,2003,November,TRUE,FALSE,1101069,1158519,57450,5.0 
Nevada,2003,December,FALSE,FALSE,1104131,1157738,53607,4.6 
Nevada,2003,December,TRUE,FALSE,1104598,1160955,56357,4.9 
Nevada,2002,Annual,FALSE,FALSE,1069601,1134096,64495,5.7 
Nevada,2002,January,FALSE,FALSE,1047808,1121218,73410,6.5 
Nevada,2002,January,TRUE,FALSE,1061341,1127970,66629,5.9 
Nevada,2002,February,FALSE,FALSE,1067125,1134975,67850,6.0 
Nevada,2002,February,TRUE,FALSE,1062671,1129405,66734,5.9 
Nevada,2002,March,FALSE,FALSE,1063068,1130175,67107,5.9 
Nevada,2002,March,TRUE,FALSE,1064062,1130577,66515,5.9 
Nevada,2002,April,FALSE,FALSE,1062391,1128282,65891,5.8 
Nevada,2002,April,TRUE,FALSE,1065636,1131648,66012,5.8 
Nevada,2002,May,FALSE,FALSE,1069463,1131215,61752,5.5 
Nevada,2002,May,TRUE,FALSE,1067427,1132733,65306,5.8 
Nevada,2002,June,FALSE,FALSE,1068357,1134294,65937,5.8 
Nevada,2002,June,TRUE,FALSE,1069391,1133856,64465,5.7 
Nevada,2002,July,FALSE,FALSE,1072155,1138229,66074,5.8 
Nevada,2002,July,TRUE,FALSE,1071236,1134916,63680,5.6 
Nevada,2002,August,FALSE,FALSE,1074188,1136325,62137,5.5 
Nevada,2002,August,TRUE,FALSE,1072869,1135935,63066,5.6 
Nevada,2002,September,FALSE,FALSE,1078541,1138626,60085,5.3 
Nevada,2002,September,TRUE,FALSE,1074275,1136979,62704,5.5 
Nevada,2002,October,FALSE,FALSE,1082280,1141568,59288,5.2 
Nevada,2002,October,TRUE,FALSE,1075294,1137876,62582,5.5 
Nevada,2002,November,FALSE,FALSE,1075324,1136762,61438,5.4 
Nevada,2002,November,TRUE,FALSE,1076155,1138723,62568,5.5 
Nevada,2002,December,FALSE,FALSE,1074514,1137487,62973,5.5 
Nevada,2002,December,TRUE,FALSE,1077130,1139620,62490,5.5 
Nevada,2001,Annual,FALSE,FALSE,1055769,1113529,57760,5.2 
Nevada,2001,January,FALSE,FALSE,1041908,1098477,56569,5.1 
Nevada,2001,January,TRUE,FALSE,1048953,1099598,50645,4.6 
Nevada,2001,February,FALSE,FALSE,1052597,1106098,53501,4.8 
Nevada,2001,February,TRUE,FALSE,1051286,1103074,51788,4.7 
Nevada,2001,March,FALSE,FALSE,1051777,1106442,54665,4.9 
Nevada,2001,March,TRUE,FALSE,1052888,1105674,52786,4.8 
Nevada,2001,April,FALSE,FALSE,1050757,1105637,54880,5.0 
Nevada,2001,April,TRUE,FALSE,1053881,1107606,53725,4.9 
Nevada,2001,May,FALSE,FALSE,1055476,1105870,50394,4.6 
Nevada,2001,May,TRUE,FALSE,1054604,1109352,54748,4.9 
Nevada,2001,June,FALSE,FALSE,1054850,1111339,56489,5.1 
Nevada,2001,June,TRUE,FALSE,1055337,1111300,55963,5.0 
Nevada,2001,July,FALSE,FALSE,1062128,1119471,57343,5.1 
Nevada,2001,July,TRUE,FALSE,1056285,1113746,57461,5.2 
Nevada,2001,August,FALSE,FALSE,1053691,1113980,60289,5.4 
Nevada,2001,August,TRUE,FALSE,1057209,1116526,59317,5.3 
Nevada,2001,September,FALSE,FALSE,1061253,1120978,59725,5.3 
Nevada,2001,September,TRUE,FALSE,1057937,1119335,61398,5.5 
Nevada,2001,October,FALSE,FALSE,1063365,1124774,61409,5.5 
Nevada,2001,October,TRUE,FALSE,1058611,1122018,63407,5.7 
Nevada,2001,November,FALSE,FALSE,1061297,1123545,62248,5.5 
Nevada,2001,November,TRUE,FALSE,1059301,1124320,65019,5.8 
Nevada,2001,December,FALSE,FALSE,1060130,1125743,65613,5.8 
Nevada,2001,December,TRUE,FALSE,1060173,1126262,66089,5.9 
Nevada,2000,Annual,FALSE,FALSE,1026650,1070776,44126,4.1 
Nevada,2000,January,FALSE,FALSE,999734,1045897,46163,4.4 
Nevada,2000,January,TRUE,FALSE,1007988,1048870,40882,3.9 
Nevada,2000,February,FALSE,FALSE,1012584,1056404,43820,4.1 
Nevada,2000,February,TRUE,FALSE,1012120,1053251,41131,3.9 
Nevada,2000,March,FALSE,FALSE,1013524,1057191,43667,4.1 
Nevada,2000,March,TRUE,FALSE,1015788,1057299,41511,3.9 
Nevada,2000,April,FALSE,FALSE,1018510,1059047,40537,3.8 
Nevada,2000,April,TRUE,FALSE,1019028,1060995,41967,4.0 
Nevada,2000,May,FALSE,FALSE,1021875,1061966,40091,3.8 
Nevada,2000,May,TRUE,FALSE,1022010,1064454,42444,4.0 
Nevada,2000,June,FALSE,FALSE,1026987,1071176,44189,4.1 
Nevada,2000,June,TRUE,FALSE,1024845,1067871,43026,4.0 
Nevada,2000,July,FALSE,FALSE,1030716,1075235,44519,4.1 
Nevada,2000,July,TRUE,FALSE,1027679,1071444,43765,4.1 
Nevada,2000,August,FALSE,FALSE,1030545,1074455,43910,4.1 
Nevada,2000,August,TRUE,FALSE,1030790,1075476,44686,4.2 
Nevada,2000,September,FALSE,FALSE,1035338,1080521,45183,4.2 
Nevada,2000,September,TRUE,FALSE,1034296,1080030,45734,4.2 
Nevada,2000,October,FALSE,FALSE,1040984,1085625,44641,4.1 
Nevada,2000,October,TRUE,FALSE,1038180,1085010,46830,4.3 
Nevada,2000,November,FALSE,FALSE,1043323,1089371,46048,4.2 
Nevada,2000,November,TRUE,FALSE,1042157,1090188,48031,4.4 
Nevada,2000,December,FALSE,FALSE,1045674,1092412,46738,4.3 
Nevada,2000,December,TRUE,FALSE,1045870,1095217,49347,4.5 
Nevada,1999,Annual,FALSE,FALSE,982876,1023530,40654,4.0 
Nevada,1999,January,FALSE,FALSE,956341,999357,43016,4.3 
Nevada,1999,January,TRUE,FALSE,964841,1003285,38444,3.8 
Nevada,1999,February,FALSE,FALSE,967404,1008815,41411,4.1 
Nevada,1999,February,TRUE,FALSE,968187,1006835,38648,3.8 
Nevada,1999,March,FALSE,FALSE,968466,1007753,39287,3.9 
Nevada,1999,March,TRUE,FALSE,971380,1010585,39205,3.9 
Nevada,1999,April,FALSE,FALSE,970467,1010752,40285,4.0 
Nevada,1999,April,TRUE,FALSE,974531,1014556,40025,3.9 
Nevada,1999,May,FALSE,FALSE,980407,1018412,38005,3.7 
Nevada,1999,May,TRUE,FALSE,977626,1018568,40942,4.0 
Nevada,1999,June,FALSE,FALSE,983188,1026604,43416,4.2 
Nevada,1999,June,TRUE,FALSE,980739,1022457,41718,4.1 
Nevada,1999,July,FALSE,FALSE,988443,1032571,44128,4.3 
Nevada,1999,July,TRUE,FALSE,983909,1026078,42169,4.1 
Nevada,1999,August,FALSE,FALSE,988111,1028981,40870,4.0 
Nevada,1999,August,TRUE,FALSE,987214,1029422,42208,4.1 
Nevada,1999,September,FALSE,FALSE,990187,1032442,42255,4.1 
Nevada,1999,September,TRUE,FALSE,990777,1032666,41889,4.1 
Nevada,1999,October,FALSE,FALSE,997262,1036426,39164,3.8 
Nevada,1999,October,TRUE,FALSE,994672,1036115,41443,4.0 
Nevada,1999,November,FALSE,FALSE,1001705,1039706,38001,3.7 
Nevada,1999,November,TRUE,FALSE,998984,1040046,41062,3.9 
Nevada,1999,December,FALSE,FALSE,1002533,1040544,38011,3.7 
Nevada,1999,December,TRUE,FALSE,1003530,1044374,40844,3.9 
Nevada,1998,Annual,FALSE,FALSE,937223,978130,40907,4.2 
Nevada,1998,January,FALSE,FALSE,910395,958079,47684,5.0 
Nevada,1998,January,TRUE,FALSE,921525,963366,41841,4.3 
Nevada,1998,February,FALSE,FALSE,921163,965899,44736,4.6 
Nevada,1998,February,TRUE,FALSE,922479,964544,42065,4.4 
Nevada,1998,March,FALSE,FALSE,919507,964084,44577,4.6 
Nevada,1998,March,TRUE,FALSE,923573,965702,42129,4.4 
Nevada,1998,April,FALSE,FALSE,924125,964066,39941,4.1 
Nevada,1998,April,TRUE,FALSE,926834,968803,41969,4.3 
Nevada,1998,May,FALSE,FALSE,928985,967610,38625,4.0 
Nevada,1998,May,TRUE,FALSE,925982,967598,41616,4.3 
Nevada,1998,June,FALSE,FALSE,933124,976515,43391,4.4 
Nevada,1998,June,TRUE,FALSE,931512,972729,41217,4.2 
Nevada,1998,July,FALSE,FALSE,942534,985087,42553,4.3 
Nevada,1998,July,TRUE,FALSE,936882,977761,40879,4.2 
Nevada,1998,August,FALSE,FALSE,942821,982498,39677,4.0 
Nevada,1998,August,TRUE,FALSE,942138,982659,40521,4.1 
Nevada,1998,September,FALSE,FALSE,948707,988098,39391,4.0 
Nevada,1998,September,TRUE,FALSE,947296,987398,40102,4.1 
Nevada,1998,October,FALSE,FALSE,955373,993247,37874,3.8 
Nevada,1998,October,TRUE,FALSE,952300,991864,39564,4.0 
Nevada,1998,November,FALSE,FALSE,959347,995499,36152,3.6 
Nevada,1998,November,TRUE,FALSE,956983,995975,38992,3.9 
Nevada,1998,December,FALSE,FALSE,960594,996872,36278,3.6 
Nevada,1998,December,TRUE,FALSE,961152,999743,38591,3.9 
Nevada,1997,Annual,FALSE,FALSE,904551,945871,41320,4.4 
Nevada,1997,January,FALSE,FALSE,867328,915335,48007,5.2 
Nevada,1997,January,TRUE,FALSE,879117,922463,43346,4.7 
Nevada,1997,February,FALSE,FALSE,879826,924410,44584,4.8 
Nevada,1997,February,TRUE,FALSE,883885,926624,42739,4.6 
Nevada,1997,March,FALSE,FALSE,886669,930133,43464,4.7 
Nevada,1997,March,TRUE,FALSE,889000,931123,42123,4.5 
Nevada,1997,April,FALSE,FALSE,891394,932445,41051,4.4 
Nevada,1997,April,TRUE,FALSE,894359,935972,41613,4.4 
Nevada,1997,May,FALSE,FALSE,902076,940538,38462,4.1 
Nevada,1997,May,TRUE,FALSE,899692,940971,41279,4.4 
Nevada,1997,June,FALSE,FALSE,905756,948970,43214,4.6 
Nevada,1997,June,TRUE,FALSE,904846,945915,41069,4.3 
Nevada,1997,July,FALSE,FALSE,916594,958800,42206,4.4 
Nevada,1997,July,TRUE,FALSE,909828,950694,40866,4.3 
Nevada,1997,August,FALSE,FALSE,918093,957778,39685,4.1 
Nevada,1997,August,TRUE,FALSE,914660,955336,40676,4.3 
Nevada,1997,September,FALSE,FALSE,920331,961386,41055,4.3 
Nevada,1997,September,TRUE,FALSE,919458,960054,40596,4.2 
Nevada,1997,October,FALSE,FALSE,923042,961475,38433,4.0 
Nevada,1997,October,TRUE,FALSE,919924,960651,40727,4.2 
Nevada,1997,November,FALSE,FALSE,923762,960402,36640,3.8 
Nevada,1997,November,TRUE,FALSE,920340,961403,41063,4.3 
Nevada,1997,December,FALSE,FALSE,919737,958781,39044,4.1 
Nevada,1997,December,TRUE,FALSE,920829,962307,41478,4.3 
Nevada,1996,Annual,FALSE,FALSE,849225,894523,45298,5.1 
Nevada,1996,January,FALSE,FALSE,810450,862730,52280,6.1 
Nevada,1996,January,TRUE,FALSE,824275,870461,46186,5.3 
Nevada,1996,February,FALSE,FALSE,826373,873419,47046,5.4 
Nevada,1996,February,TRUE,FALSE,828056,874105,46049,5.3 
Nevada,1996,March,FALSE,FALSE,828644,875316,46672,5.3 
Nevada,1996,March,TRUE,FALSE,832214,878101,45887,5.2 
Nevada,1996,April,FALSE,FALSE,832152,878202,46050,5.2 
Nevada,1996,April,TRUE,FALSE,836778,882492,45714,5.2 
Nevada,1996,May,FALSE,FALSE,842892,887032,44140,5.0 
Nevada,1996,May,TRUE,FALSE,841685,887225,45540,5.1 
Nevada,1996,June,FALSE,FALSE,849444,894529,45085,5.0 
Nevada,1996,June,TRUE,FALSE,846796,892139,45343,5.1 
Nevada,1996,July,FALSE,FALSE,858817,906889,48072,5.3 
Nevada,1996,July,TRUE,FALSE,851948,897098,45150,5.0 
Nevada,1996,August,FALSE,FALSE,860350,903835,43485,4.8 
Nevada,1996,August,TRUE,FALSE,857042,902027,44985,5.0 
Nevada,1996,September,FALSE,FALSE,864445,908898,44453,4.9 
Nevada,1996,September,TRUE,FALSE,861847,906675,44828,4.9 
Nevada,1996,October,FALSE,FALSE,871461,913656,42195,4.6 
Nevada,1996,October,TRUE,FALSE,866234,910898,44664,4.9 
Nevada,1996,November,FALSE,FALSE,873105,914572,41467,4.5 
Nevada,1996,November,TRUE,FALSE,870394,914796,44402,4.9 
Nevada,1996,December,FALSE,FALSE,872572,915204,42632,4.7 
Nevada,1996,December,TRUE,FALSE,874636,918574,43938,4.8 
Nevada,1995,Annual,FALSE,FALSE,801122,848452,47330,5.6 
Nevada,1995,January,FALSE,FALSE,769694,824660,54966,6.7 
Nevada,1995,January,TRUE,FALSE,783342,831889,48547,5.8 
Nevada,1995,February,FALSE,FALSE,783256,833153,49897,6.0 
Nevada,1995,February,TRUE,FALSE,786152,834278,48126,5.8 
Nevada,1995,March,FALSE,FALSE,784797,833177,48380,5.8 
Nevada,1995,March,TRUE,FALSE,788916,836783,47867,5.7 
Nevada,1995,April,FALSE,FALSE,788785,837171,48386,5.8 
Nevada,1995,April,TRUE,FALSE,791768,839481,47713,5.7 
Nevada,1995,May,FALSE,FALSE,794964,839857,44893,5.3 
Nevada,1995,May,TRUE,FALSE,794904,842471,47567,5.6 
Nevada,1995,June,FALSE,FALSE,799974,848630,48656,5.7 
Nevada,1995,June,TRUE,FALSE,798416,845768,47352,5.6 
Nevada,1995,July,FALSE,FALSE,810065,859418,49353,5.7 
Nevada,1995,July,TRUE,FALSE,802266,849365,47099,5.5 
Nevada,1995,August,FALSE,FALSE,810479,856298,45819,5.4 
Nevada,1995,August,TRUE,FALSE,806246,853133,46887,5.5 
Nevada,1995,September,FALSE,FALSE,812716,858715,45999,5.4 
Nevada,1995,September,TRUE,FALSE,810170,856892,46722,5.5 
Nevada,1995,October,FALSE,FALSE,819536,863145,43609,5.1 
Nevada,1995,October,TRUE,FALSE,813907,860499,46592,5.4 
Nevada,1995,November,FALSE,FALSE,820826,864811,43985,5.1 
Nevada,1995,November,TRUE,FALSE,817417,863855,46438,5.4 
Nevada,1995,December,FALSE,FALSE,818367,862386,44019,5.1 
Nevada,1995,December,TRUE,FALSE,820788,867094,46306,5.3 
Nevada,1994,Annual,FALSE,FALSE,761150,811880,50730,6.2 
Nevada,1994,January,FALSE,FALSE,730259,788579,58320,7.4 
Nevada,1994,January,TRUE,FALSE,741457,793383,51926,6.5 
Nevada,1994,February,FALSE,FALSE,742851,797614,54763,6.9 
Nevada,1994,February,TRUE,FALSE,745536,797215,51679,6.5 
Nevada,1994,March,FALSE,FALSE,742633,795337,52704,6.6 
Nevada,1994,March,TRUE,FALSE,749217,800589,51372,6.4 
Nevada,1994,April,FALSE,FALSE,747934,799165,51231,6.4 
Nevada,1994,April,TRUE,FALSE,752564,803602,51038,6.4 
Nevada,1994,May,FALSE,FALSE,759461,806636,47175,5.8 
Nevada,1994,May,TRUE,FALSE,755777,806507,50730,6.3 
Nevada,1994,June,FALSE,FALSE,761571,813550,51979,6.4 
Nevada,1994,June,TRUE,FALSE,759030,809572,50542,6.2 
Nevada,1994,July,FALSE,FALSE,768349,820237,51888,6.3 
Nevada,1994,July,TRUE,FALSE,762470,812977,50507,6.2 
Nevada,1994,August,FALSE,FALSE,771540,821849,50309,6.1 
Nevada,1994,August,TRUE,FALSE,766073,816613,50540,6.2 
Nevada,1994,September,FALSE,FALSE,771556,821182,49626,6.0 
Nevada,1994,September,TRUE,FALSE,769706,820201,50495,6.2 
Nevada,1994,October,FALSE,FALSE,778344,826562,48218,5.8 
Nevada,1994,October,TRUE,FALSE,773310,823534,50224,6.1 
Nevada,1994,November,FALSE,FALSE,780197,827089,46892,5.7 
Nevada,1994,November,TRUE,FALSE,776908,826626,49718,6.0 
Nevada,1994,December,FALSE,FALSE,779104,824753,45649,5.5 
Nevada,1994,December,TRUE,FALSE,780310,829418,49108,5.9 
Nevada,1993,Annual,FALSE,FALSE,714408,767353,52945,6.9 
Nevada,1993,January,FALSE,FALSE,681725,739062,57337,7.8 
Nevada,1993,January,TRUE,FALSE,693603,745239,51636,6.9 
Nevada,1993,February,FALSE,FALSE,692970,748122,55152,7.4 
Nevada,1993,February,TRUE,FALSE,696728,748921,52193,7.0 
Nevada,1993,March,FALSE,FALSE,695399,749066,53667,7.2 
Nevada,1993,March,TRUE,FALSE,700205,753018,52813,7.0 
Nevada,1993,April,FALSE,FALSE,697673,750276,52603,7.0 
Nevada,1993,April,TRUE,FALSE,704023,757401,53378,7.0 
Nevada,1993,May,FALSE,FALSE,710128,761798,51670,6.8 
Nevada,1993,May,TRUE,FALSE,708049,761877,53828,7.1 
Nevada,1993,June,FALSE,FALSE,716466,773171,56705,7.3 
Nevada,1993,June,TRUE,FALSE,712154,766261,54107,7.1 
Nevada,1993,July,FALSE,FALSE,724656,780210,55554,7.1 
Nevada,1993,July,TRUE,FALSE,716191,770273,54082,7.0 
Nevada,1993,August,FALSE,FALSE,725961,778518,52557,6.8 
Nevada,1993,August,TRUE,FALSE,720159,773912,53753,6.9 
Nevada,1993,September,FALSE,FALSE,725552,777615,52063,6.7 
Nevada,1993,September,TRUE,FALSE,724214,777461,53247,6.8 
Nevada,1993,October,FALSE,FALSE,731830,782542,50712,6.5 
Nevada,1993,October,TRUE,FALSE,728410,781131,52721,6.7 
Nevada,1993,November,FALSE,FALSE,735106,783762,48656,6.2 
Nevada,1993,November,TRUE,FALSE,732704,785042,52338,6.7 
Nevada,1993,December,FALSE,FALSE,735426,784086,48660,6.2 
Nevada,1993,December,TRUE,FALSE,737101,789210,52109,6.6 
Nevada,1992,Annual,FALSE,FALSE,679191,728893,49702,6.8 
Nevada,1992,January,FALSE,FALSE,657969,711193,53224,7.5 
Nevada,1992,January,TRUE,FALSE,669110,715946,46836,6.5 
Nevada,1992,February,FALSE,FALSE,664982,717401,52419,7.3 
Nevada,1992,February,TRUE,FALSE,670502,718214,47712,6.6 
Nevada,1992,March,FALSE,FALSE,666998,715974,48976,6.8 
Nevada,1992,March,TRUE,FALSE,672169,720506,48337,6.7 
Nevada,1992,April,FALSE,FALSE,671300,718116,46816,6.5 
Nevada,1992,April,TRUE,FALSE,674099,722946,48847,6.8 
Nevada,1992,May,FALSE,FALSE,676879,723258,46379,6.4 
Nevada,1992,May,TRUE,FALSE,676078,725401,49323,6.8 
Nevada,1992,June,FALSE,FALSE,681271,733712,52441,7.1 
Nevada,1992,June,TRUE,FALSE,677988,727777,49789,6.8 
Nevada,1992,July,FALSE,FALSE,689143,741478,52335,7.1 
Nevada,1992,July,TRUE,FALSE,679842,730090,50248,6.9 
Nevada,1992,August,FALSE,FALSE,686925,736510,49585,6.7 
Nevada,1992,August,TRUE,FALSE,681698,732320,50622,6.9 
Nevada,1992,September,FALSE,FALSE,686511,736285,49774,6.8 
Nevada,1992,September,TRUE,FALSE,683644,734469,50825,6.9 
Nevada,1992,October,FALSE,FALSE,688856,736113,47257,6.4 
Nevada,1992,October,TRUE,FALSE,685848,736739,50891,6.9 
Nevada,1992,November,FALSE,FALSE,690281,738394,48113,6.5 
Nevada,1992,November,TRUE,FALSE,688242,739227,50985,6.9 
Nevada,1992,December,FALSE,FALSE,689180,738280,49100,6.7 
Nevada,1992,December,TRUE,FALSE,690790,742011,51221,6.9 
Nevada,1991,Annual,FALSE,FALSE,658822,700052,41230,5.9 
Nevada,1991,January,FALSE,FALSE,635830,678406,42576,6.3 
Nevada,1991,January,TRUE,FALSE,648293,686491,38198,5.6 
Nevada,1991,February,FALSE,FALSE,645528,687596,42068,6.1 
Nevada,1991,February,TRUE,FALSE,650268,689632,39364,5.7 
Nevada,1991,March,FALSE,FALSE,646228,688917,42689,6.2 
Nevada,1991,March,TRUE,FALSE,652350,692630,40280,5.8 
Nevada,1991,April,FALSE,FALSE,653061,693527,40466,5.8 
Nevada,1991,April,TRUE,FALSE,654411,695226,40815,5.9 
Nevada,1991,May,FALSE,FALSE,656205,695041,38836,5.6 
Nevada,1991,May,TRUE,FALSE,656439,697417,40978,5.9 
Nevada,1991,June,FALSE,FALSE,663094,705437,42343,6.0 
Nevada,1991,June,TRUE,FALSE,658447,699341,40894,5.8 
Nevada,1991,July,FALSE,FALSE,668665,710495,41830,5.9 
Nevada,1991,July,TRUE,FALSE,660375,701158,40783,5.8 
Nevada,1991,August,FALSE,FALSE,666291,705675,39384,5.6 
Nevada,1991,August,TRUE,FALSE,662179,703096,40917,5.8 
Nevada,1991,September,FALSE,FALSE,667880,708210,40330,5.7 
Nevada,1991,September,TRUE,FALSE,663868,705438,41570,5.9 
Nevada,1991,October,FALSE,FALSE,670124,709989,39865,5.6 
Nevada,1991,October,TRUE,FALSE,665356,708111,42755,6.0 
Nevada,1991,November,FALSE,FALSE,668126,709012,40886,5.8 
Nevada,1991,November,TRUE,FALSE,666657,710875,44218,6.2 
Nevada,1991,December,FALSE,FALSE,664828,708309,43481,6.1 
Nevada,1991,December,TRUE,FALSE,667861,713515,45654,6.4 
Nevada,1990,Annual,FALSE,FALSE,635524,666775,31251,4.7 
Nevada,1990,January,FALSE,FALSE,604721,637687,32966,5.2 
Nevada,1990,January,TRUE,FALSE,613848,642262,28414,4.4 
Nevada,1990,February,FALSE,FALSE,619419,649798,30379,4.7 
Nevada,1990,February,TRUE,FALSE,623895,652283,28388,4.4 
Nevada,1990,March,FALSE,FALSE,623851,652584,28733,4.4 
Nevada,1990,March,TRUE,FALSE,628630,657121,28491,4.3 
Nevada,1990,April,FALSE,FALSE,626699,656095,29396,4.5 
Nevada,1990,April,TRUE,FALSE,631615,660429,28814,4.4 
Nevada,1990,May,FALSE,FALSE,634968,662512,27544,4.2 
Nevada,1990,May,TRUE,FALSE,634029,663374,29345,4.4 
Nevada,1990,June,FALSE,FALSE,640697,671387,30690,4.6 
Nevada,1990,June,TRUE,FALSE,636174,666226,30052,4.5 
Nevada,1990,July,FALSE,FALSE,646498,677862,31364,4.6 
Nevada,1990,July,TRUE,FALSE,638230,669162,30932,4.6 
Nevada,1990,August,FALSE,FALSE,646520,677469,30949,4.6 
Nevada,1990,August,TRUE,FALSE,640205,672174,31969,4.8 
Nevada,1990,September,FALSE,FALSE,644574,677385,32811,4.8 
Nevada,1990,September,TRUE,FALSE,641962,675063,33101,4.9 
Nevada,1990,October,FALSE,FALSE,648014,680107,32093,4.7 
Nevada,1990,October,TRUE,FALSE,643474,677803,34329,5.1 
Nevada,1990,November,FALSE,FALSE,645130,678156,33026,4.9 
Nevada,1990,November,TRUE,FALSE,644935,680562,35627,5.2 
Nevada,1990,December,FALSE,FALSE,645197,680255,35058,5.2 
Nevada,1990,December,TRUE,FALSE,646533,683460,36927,5.4 
Nevada,1989,Annual,FALSE,FALSE,574739,602938,28199,4.7 
Nevada,1989,January,FALSE,FALSE,554005,588406,34401,5.8 
Nevada,1989,January,TRUE,FALSE,564854,593002,28148,4.7 
Nevada,1989,February,FALSE,FALSE,562283,592239,29956,5.1 
Nevada,1989,February,TRUE,FALSE,566706,594693,27987,4.7 
Nevada,1989,March,FALSE,FALSE,562655,589660,27005,4.6 
Nevada,1989,March,TRUE,FALSE,568455,596348,27893,4.7 
Nevada,1989,April,FALSE,FALSE,566280,593793,27513,4.6 
Nevada,1989,April,TRUE,FALSE,570166,597962,27796,4.6 
Nevada,1989,May,FALSE,FALSE,573451,598986,25535,4.3 
Nevada,1989,May,TRUE,FALSE,571843,599593,27750,4.6 
Nevada,1989,June,FALSE,FALSE,576582,606408,29826,4.9 
Nevada,1989,June,TRUE,FALSE,573559,601382,27823,4.6 
Nevada,1989,July,FALSE,FALSE,583987,612970,28983,4.7 
Nevada,1989,July,TRUE,FALSE,575274,603308,28034,4.6 
Nevada,1989,August,FALSE,FALSE,584262,610059,25797,4.2 
Nevada,1989,August,TRUE,FALSE,577058,605359,28301,4.7 
Nevada,1989,September,FALSE,FALSE,580660,609016,28356,4.7 
Nevada,1989,September,TRUE,FALSE,579028,607523,28495,4.7 
Nevada,1989,October,FALSE,FALSE,585245,612436,27191,4.4 
Nevada,1989,October,TRUE,FALSE,581315,609887,28572,4.7 
Nevada,1989,November,FALSE,FALSE,585452,612459,27007,4.4 
Nevada,1989,November,TRUE,FALSE,583921,612464,28543,4.7 
Nevada,1989,December,FALSE,FALSE,582010,608830,26820,4.4 
Nevada,1989,December,TRUE,FALSE,586696,615166,28470,4.6 
Nevada,1988,Annual,FALSE,FALSE,549615,579856,30241,5.2 
Nevada,1988,January,FALSE,FALSE,525169,562493,37324,6.6 
Nevada,1988,January,TRUE,FALSE,536242,568920,32678,5.7 
Nevada,1988,February,FALSE,FALSE,534360,567871,33511,5.9 
Nevada,1988,February,TRUE,FALSE,538682,570614,31932,5.6 
Nevada,1988,March,FALSE,FALSE,534432,565587,31155,5.5 
Nevada,1988,March,TRUE,FALSE,541109,572424,31315,5.5 
Nevada,1988,April,FALSE,FALSE,541209,570695,29486,5.2 
Nevada,1988,April,TRUE,FALSE,543512,574434,30922,5.4 
Nevada,1988,May,FALSE,FALSE,545354,574243,28889,5.0 
Nevada,1988,May,TRUE,FALSE,545953,576670,30717,5.3 
Nevada,1988,June,FALSE,FALSE,552966,584784,31818,5.4 
Nevada,1988,June,TRUE,FALSE,548433,579009,30576,5.3 
Nevada,1988,July,FALSE,FALSE,559170,590440,31270,5.3 
Nevada,1988,July,TRUE,FALSE,550934,581285,30351,5.2 
Nevada,1988,August,FALSE,FALSE,559846,589307,29461,5.0 
Nevada,1988,August,TRUE,FALSE,553420,583438,30018,5.1 
Nevada,1988,September,FALSE,FALSE,558191,587749,29558,5.0 
Nevada,1988,September,TRUE,FALSE,555881,585521,29640,5.1 
Nevada,1988,October,FALSE,FALSE,562149,589222,27073,4.6 
Nevada,1988,October,TRUE,FALSE,558297,587521,29224,5.0 
Nevada,1988,November,FALSE,FALSE,562490,589508,27018,4.6 
Nevada,1988,November,TRUE,FALSE,560608,589420,28812,4.9 
Nevada,1988,December,FALSE,FALSE,560047,586381,26334,4.5 
Nevada,1988,December,TRUE,FALSE,562792,591235,28443,4.8 
Nevada,1987,Annual,FALSE,FALSE,521886,556441,34555,6.2 
Nevada,1987,January,FALSE,FALSE,500536,539783,39247,7.3 
Nevada,1987,January,TRUE,FALSE,511445,545769,34324,6.3 
Nevada,1987,February,FALSE,FALSE,507705,544412,36707,6.7 
Nevada,1987,February,TRUE,FALSE,513123,547689,34566,6.3 
Nevada,1987,March,FALSE,FALSE,509236,543839,34603,6.4 
Nevada,1987,March,TRUE,FALSE,514871,549580,34709,6.3 
Nevada,1987,April,FALSE,FALSE,512760,545992,33232,6.1 
Nevada,1987,April,TRUE,FALSE,516714,551472,34758,6.3 
Nevada,1987,May,FALSE,FALSE,521177,553723,32546,5.9 
Nevada,1987,May,TRUE,FALSE,518611,553349,34738,6.3 
Nevada,1987,June,FALSE,FALSE,522703,558391,35688,6.4 
Nevada,1987,June,TRUE,FALSE,520509,555215,34706,6.3 
Nevada,1987,July,FALSE,FALSE,529913,565812,35899,6.3 
Nevada,1987,July,TRUE,FALSE,522453,557177,34724,6.2 
Nevada,1987,August,FALSE,FALSE,532789,566380,33591,5.9 
Nevada,1987,August,TRUE,FALSE,524478,559252,34774,6.2 
Nevada,1987,September,FALSE,FALSE,528184,562682,34498,6.1 
Nevada,1987,September,TRUE,FALSE,526654,561388,34734,6.2 
Nevada,1987,October,FALSE,FALSE,532618,566261,33643,5.9 
Nevada,1987,October,TRUE,FALSE,528952,563471,34519,6.1 
Nevada,1987,November,FALSE,FALSE,533019,565997,32978,5.8 
Nevada,1987,November,TRUE,FALSE,531382,565462,34080,6.0 
Nevada,1987,December,FALSE,FALSE,531989,564014,32025,5.7 
Nevada,1987,December,TRUE,FALSE,533835,567270,33435,5.9 
Nevada,1986,Annual,FALSE,FALSE,498789,532518,33729,6.3 
Nevada,1986,January,FALSE,FALSE,477262,516038,38776,7.5 
Nevada,1986,January,TRUE,FALSE,487278,522929,35651,6.8 
Nevada,1986,February,FALSE,FALSE,482748,519132,36384,7.0 
Nevada,1986,February,TRUE,FALSE,488911,523921,35010,6.7 
Nevada,1986,March,FALSE,FALSE,485123,520191,35068,6.7 
Nevada,1986,March,TRUE,FALSE,490811,525255,34444,6.6 
Nevada,1986,April,FALSE,FALSE,489138,521831,32693,6.3 
Nevada,1986,April,TRUE,FALSE,492980,526988,34008,6.5 
Nevada,1986,May,FALSE,FALSE,496361,527097,30736,5.8 
Nevada,1986,May,TRUE,FALSE,495347,529017,33670,6.4 
Nevada,1986,June,FALSE,FALSE,501072,536030,34958,6.5 
Nevada,1986,June,TRUE,FALSE,497844,531263,33419,6.3 
Nevada,1986,July,FALSE,FALSE,508499,542880,34381,6.3 
Nevada,1986,July,TRUE,FALSE,500330,533549,33219,6.2 
Nevada,1986,August,FALSE,FALSE,509869,541630,31761,5.9 
Nevada,1986,August,TRUE,FALSE,502654,535747,33093,6.2 
Nevada,1986,September,FALSE,FALSE,507179,540286,33107,6.1 
Nevada,1986,September,TRUE,FALSE,504720,537861,33141,6.2 
Nevada,1986,October,FALSE,FALSE,510626,543113,32487,6.0 
Nevada,1986,October,TRUE,FALSE,506563,539910,33347,6.2 
Nevada,1986,November,FALSE,FALSE,510005,542373,32368,6.0 
Nevada,1986,November,TRUE,FALSE,508201,541845,33644,6.2 
Nevada,1986,December,FALSE,FALSE,507588,539612,32024,5.9 
Nevada,1986,December,TRUE,FALSE,509792,543785,33993,6.3 
Nevada,1985,Annual,FALSE,FALSE,478126,516828,38702,7.5 
Nevada,1985,January,FALSE,FALSE,460582,504825,44243,8.8 
Nevada,1985,January,TRUE,FALSE,472101,511049,38948,7.6 
Nevada,1985,February,FALSE,FALSE,468205,508437,40232,7.9 
Nevada,1985,February,TRUE,FALSE,473542,512792,39250,7.7 
Nevada,1985,March,FALSE,FALSE,469985,509295,39310,7.7 
Nevada,1985,March,TRUE,FALSE,474582,514146,39564,7.7 
Nevada,1985,April,FALSE,FALSE,472069,511097,39028,7.6 
Nevada,1985,April,TRUE,FALSE,475330,515042,39712,7.7 
Nevada,1985,May,FALSE,FALSE,477798,514222,36424,7.1 
Nevada,1985,May,TRUE,FALSE,475943,515586,39643,7.7 
Nevada,1985,June,FALSE,FALSE,478390,519802,41412,8.0 
Nevada,1985,June,TRUE,FALSE,476651,516039,39388,7.6 
Nevada,1985,July,FALSE,FALSE,484453,525016,40563,7.7 
Nevada,1985,July,TRUE,FALSE,477610,516661,39051,7.6 
Nevada,1985,August,FALSE,FALSE,485528,521947,36419,7.0 
Nevada,1985,August,TRUE,FALSE,478946,517570,38624,7.5 
Nevada,1985,September,FALSE,FALSE,485074,522878,37804,7.2 
Nevada,1985,September,TRUE,FALSE,480619,518707,38088,7.3 
Nevada,1985,October,FALSE,FALSE,485961,522830,36869,7.1 
Nevada,1985,October,TRUE,FALSE,482421,519937,37516,7.2 
Nevada,1985,November,FALSE,FALSE,486036,521837,35801,6.9 
Nevada,1985,November,TRUE,FALSE,484165,521086,36921,7.1 
Nevada,1985,December,FALSE,FALSE,483433,519748,36315,7.0 
Nevada,1985,December,TRUE,FALSE,485763,522057,36294,7.0 
Nevada,1984,Annual,FALSE,FALSE,461800,500091,38291,7.7 
Nevada,1984,January,FALSE,FALSE,440743,483715,42972,8.9 
Nevada,1984,January,TRUE,FALSE,451924,490589,38665,7.9 
Nevada,1984,February,FALSE,FALSE,448522,488587,40065,8.2 
Nevada,1984,February,TRUE,FALSE,454109,491906,37797,7.7 
Nevada,1984,March,FALSE,FALSE,450533,488526,37993,7.8 
Nevada,1984,March,TRUE,FALSE,456320,493658,37338,7.6 
Nevada,1984,April,FALSE,FALSE,454327,490214,35887,7.3 
Nevada,1984,April,TRUE,FALSE,458380,495665,37285,7.5 
Nevada,1984,May,FALSE,FALSE,462623,496188,33565,6.8 
Nevada,1984,May,TRUE,FALSE,460222,497792,37570,7.5 
Nevada,1984,June,FALSE,FALSE,465163,503968,38805,7.7 
Nevada,1984,June,TRUE,FALSE,461807,499822,38015,7.6 
Nevada,1984,July,FALSE,FALSE,471360,511613,40253,7.9 
Nevada,1984,July,TRUE,FALSE,463165,501602,38437,7.7 
Nevada,1984,August,FALSE,FALSE,469737,508486,38749,7.6 
Nevada,1984,August,TRUE,FALSE,464391,503169,38778,7.7 
Nevada,1984,September,FALSE,FALSE,469261,508098,38837,7.6 
Nevada,1984,September,TRUE,FALSE,465616,504590,38974,7.7 
Nevada,1984,October,FALSE,FALSE,470523,508005,37482,7.4 
Nevada,1984,October,TRUE,FALSE,466983,505953,38970,7.7 
Nevada,1984,November,FALSE,FALSE,470544,506835,36291,7.2 
Nevada,1984,November,TRUE,FALSE,468587,507454,38867,7.7 
Nevada,1984,December,FALSE,FALSE,468263,506857,38594,7.6 
Nevada,1984,December,TRUE,FALSE,470370,509192,38822,7.6 
Nevada,1983,Annual,FALSE,FALSE,439730,487731,48001,9.8 
Nevada,1983,January,FALSE,FALSE,421733,481590,59857,12.4 
Nevada,1983,January,TRUE,FALSE,431871,486892,55021,11.3 
Nevada,1983,February,FALSE,FALSE,426237,483069,56832,11.8 
Nevada,1983,February,TRUE,FALSE,432089,486556,54467,11.2 
Nevada,1983,March,FALSE,FALSE,426942,480728,53786,11.2 
Nevada,1983,March,TRUE,FALSE,432877,486263,53386,11.0 
Nevada,1983,April,FALSE,FALSE,431230,481071,49841,10.4 
Nevada,1983,April,TRUE,FALSE,434230,486222,51992,10.7 
Nevada,1983,May,FALSE,FALSE,435728,483399,47671,9.9 
Nevada,1983,May,TRUE,FALSE,436044,486538,50494,10.4 
Nevada,1983,June,FALSE,FALSE,441738,492538,50800,10.3 
Nevada,1983,June,TRUE,FALSE,438131,487148,49017,10.1 
Nevada,1983,July,FALSE,FALSE,448162,495798,47636,9.6 
Nevada,1983,July,TRUE,FALSE,440312,487858,47546,9.7 
Nevada,1983,August,FALSE,FALSE,450150,495527,45377,9.2 
Nevada,1983,August,TRUE,FALSE,442418,488433,46015,9.4 
Nevada,1983,September,FALSE,FALSE,447674,491986,44312,9.0 
Nevada,1983,September,TRUE,FALSE,444370,488768,44398,9.1 
Nevada,1983,October,FALSE,FALSE,449014,490439,41425,8.4 
Nevada,1983,October,TRUE,FALSE,446217,488957,42740,8.7 
Nevada,1983,November,FALSE,FALSE,450241,489848,39607,8.1 
Nevada,1983,November,TRUE,FALSE,448017,489198,41181,8.4 
Nevada,1983,December,FALSE,FALSE,447915,486777,38862,8.0 
Nevada,1983,December,TRUE,FALSE,449885,489707,39822,8.1 
Nevada,1982,Annual,FALSE,FALSE,434375,482925,48550,10.1 
Nevada,1982,January,FALSE,FALSE,424946,470204,45258,9.6 
Nevada,1982,January,TRUE,FALSE,434878,475856,40978,8.6 
Nevada,1982,February,FALSE,FALSE,429864,473839,43975,9.3 
Nevada,1982,February,TRUE,FALSE,435130,477822,42692,8.9 
Nevada,1982,March,FALSE,FALSE,430336,474841,44505,9.4 
Nevada,1982,March,TRUE,FALSE,435251,479524,44273,9.2 
Nevada,1982,April,FALSE,FALSE,430969,477136,46167,9.7 
Nevada,1982,April,TRUE,FALSE,435295,481007,45712,9.5 
Nevada,1982,May,FALSE,FALSE,437647,481500,43853,9.1 
Nevada,1982,May,TRUE,FALSE,435282,482266,46984,9.7 
Nevada,1982,June,FALSE,FALSE,436815,485763,48948,10.1 
Nevada,1982,June,TRUE,FALSE,435135,483262,48127,10.0 
Nevada,1982,July,FALSE,FALSE,441503,491792,50289,10.2 
Nevada,1982,July,TRUE,FALSE,434829,484072,49243,10.2 
Nevada,1982,August,FALSE,FALSE,442372,491590,49218,10.0 
Nevada,1982,August,TRUE,FALSE,434393,484832,50439,10.4 
Nevada,1982,September,FALSE,FALSE,437401,488252,50851,10.4 
Nevada,1982,September,TRUE,FALSE,433829,485612,51783,10.7 
Nevada,1982,October,FALSE,FALSE,436399,487463,51064,10.5 
Nevada,1982,October,TRUE,FALSE,433166,486353,53187,10.9 
Nevada,1982,November,FALSE,FALSE,434683,487696,53013,10.9 
Nevada,1982,November,TRUE,FALSE,432567,486913,54346,11.2 
Nevada,1982,December,FALSE,FALSE,429561,485014,55453,11.4 
Nevada,1982,December,TRUE,FALSE,432105,487080,54975,11.3 
Nevada,1981,Annual,FALSE,FALSE,427766,461648,33882,7.3 
Nevada,1981,January,FALSE,FALSE,406694,444906,38212,8.6 
Nevada,1981,January,TRUE,FALSE,416536,448671,32135,7.2 
Nevada,1981,February,FALSE,FALSE,412748,447366,34618,7.7 
Nevada,1981,February,TRUE,FALSE,419338,451788,32450,7.2 
Nevada,1981,March,FALSE,FALSE,417523,450119,32596,7.2 
Nevada,1981,March,TRUE,FALSE,422111,454632,32521,7.2 
Nevada,1981,April,FALSE,FALSE,422911,453738,30827,6.8 
Nevada,1981,April,TRUE,FALSE,424674,457010,32336,7.1 
Nevada,1981,May,FALSE,FALSE,429292,459062,29770,6.5 
Nevada,1981,May,TRUE,FALSE,426828,458890,32062,7.0 
Nevada,1981,June,FALSE,FALSE,428414,461862,33448,7.2 
Nevada,1981,June,TRUE,FALSE,428591,460528,31937,6.9 
Nevada,1981,July,FALSE,FALSE,436802,469831,33029,7.0 
Nevada,1981,July,TRUE,FALSE,430012,462239,32227,7.0 
Nevada,1981,August,FALSE,FALSE,438882,470450,31568,6.7 
Nevada,1981,August,TRUE,FALSE,431174,464177,33003,7.1 
Nevada,1981,September,FALSE,FALSE,434497,467788,33291,7.1 
Nevada,1981,September,TRUE,FALSE,432206,466393,34187,7.3 
Nevada,1981,October,FALSE,FALSE,437285,471287,34002,7.2 
Nevada,1981,October,TRUE,FALSE,433194,468849,35655,7.6 
Nevada,1981,November,FALSE,FALSE,436886,472520,35634,7.5 
Nevada,1981,November,TRUE,FALSE,433994,471336,37342,7.9 
Nevada,1981,December,FALSE,FALSE,431256,470847,39591,8.4 
Nevada,1981,December,TRUE,FALSE,434523,473692,39169,8.3 
Nevada,1980,Annual,FALSE,FALSE,404162,431408,27246,6.3 
Nevada,1980,January,FALSE,FALSE,387960,413270,25310,6.1 
Nevada,1980,January,TRUE,FALSE,396980,417418,20438,4.9 
Nevada,1980,February,FALSE,FALSE,393557,416366,22809,5.5 
Nevada,1980,February,TRUE,FALSE,398289,419692,21403,5.1 
Nevada,1980,March,FALSE,FALSE,394750,417030,22280,5.3 
Nevada,1980,March,TRUE,FALSE,399267,422129,22862,5.4 
Nevada,1980,April,FALSE,FALSE,397066,421001,23935,5.7 
Nevada,1980,April,TRUE,FALSE,400108,424777,24669,5.8 
Nevada,1980,May,FALSE,FALSE,401167,424801,23634,5.6 
Nevada,1980,May,TRUE,FALSE,401031,427585,26554,6.2 
Nevada,1980,June,FALSE,FALSE,403453,433631,30178,7.0 
Nevada,1980,June,TRUE,FALSE,402242,430425,28183,6.5 
Nevada,1980,July,FALSE,FALSE,410999,442056,31057,7.0 
Nevada,1980,July,TRUE,FALSE,403778,433130,29352,6.8 
Nevada,1980,August,FALSE,FALSE,411591,441837,30246,6.8 
Nevada,1980,August,TRUE,FALSE,405566,435650,30084,6.9 
Nevada,1980,September,FALSE,FALSE,410783,440410,29627,6.7 
Nevada,1980,September,TRUE,FALSE,407499,438029,30530,7.0 
Nevada,1980,October,FALSE,FALSE,413206,442187,28981,6.6 
Nevada,1980,October,TRUE,FALSE,409469,440370,30901,7.0 
Nevada,1980,November,FALSE,FALSE,413950,441908,27958,6.3 
Nevada,1980,November,TRUE,FALSE,411522,442811,31289,7.1 
Nevada,1980,December,FALSE,FALSE,411465,442397,30932,7.0 
Nevada,1980,December,TRUE,FALSE,413867,445577,31710,7.1 
Nevada,1979,Annual,FALSE,FALSE,382652,402171,19519,4.9 
Nevada,1979,January,FALSE,FALSE,362231,385078,22847,5.9 
Nevada,1979,January,TRUE,FALSE,370904,389030,18126,4.7 
Nevada,1979,February,FALSE,FALSE,368791,388979,20188,5.2 
Nevada,1979,February,TRUE,FALSE,372844,391350,18506,4.7 
Nevada,1979,March,FALSE,FALSE,370679,389230,18551,4.8 
Nevada,1979,March,TRUE,FALSE,374748,393641,18893,4.8 
Nevada,1979,April,FALSE,FALSE,373204,391165,17961,4.6 
Nevada,1979,April,TRUE,FALSE,376659,395934,19275,4.9 
Nevada,1979,May,FALSE,FALSE,378359,394728,16369,4.1 
Nevada,1979,May,TRUE,FALSE,378688,398307,19619,4.9 
Nevada,1979,June,FALSE,FALSE,383191,405562,22371,5.5 
Nevada,1979,June,TRUE,FALSE,380828,400766,19938,5.0 
Nevada,1979,July,FALSE,FALSE,389864,411370,21506,5.2 
Nevada,1979,July,TRUE,FALSE,383155,403309,20154,5.0 
Nevada,1979,August,FALSE,FALSE,391666,411242,19576,4.8 
Nevada,1979,August,TRUE,FALSE,385669,405881,20212,5.0 
Nevada,1979,September,FALSE,FALSE,390681,410280,19599,4.8 
Nevada,1979,September,TRUE,FALSE,388244,408379,20135,4.9 
Nevada,1979,October,FALSE,FALSE,394112,413184,19072,4.6 
Nevada,1979,October,TRUE,FALSE,390754,410721,19967,4.9 
Nevada,1979,November,FALSE,FALSE,394698,412766,18068,4.4 
Nevada,1979,November,TRUE,FALSE,393114,412953,19839,4.8 
Nevada,1979,December,FALSE,FALSE,394345,412463,18118,4.4 
Nevada,1979,December,TRUE,FALSE,395240,415183,19943,4.8 
Nevada,1978,Annual,FALSE,FALSE,357075,373572,16497,4.4 
Nevada,1978,January,FALSE,FALSE,335565,357862,22297,6.2 
Nevada,1978,January,TRUE,FALSE,344783,362135,17352,4.8 
Nevada,1978,February,FALSE,FALSE,342077,361070,18993,5.3 
Nevada,1978,February,TRUE,FALSE,347265,363893,16628,4.6 
Nevada,1978,March,FALSE,FALSE,344261,359576,15315,4.3 
Nevada,1978,March,TRUE,FALSE,349657,365735,16078,4.4 
Nevada,1978,April,FALSE,FALSE,349867,363919,14052,3.9 
Nevada,1978,April,TRUE,FALSE,351989,367713,15724,4.3 
Nevada,1978,May,FALSE,FALSE,355344,367573,12229,3.3 
Nevada,1978,May,TRUE,FALSE,354273,369854,15581,4.2 
Nevada,1978,June,FALSE,FALSE,359520,376731,17211,4.6 
Nevada,1978,June,TRUE,FALSE,356515,372141,15626,4.2 
Nevada,1978,July,FALSE,FALSE,363335,381453,18118,4.7 
Nevada,1978,July,TRUE,FALSE,358612,374448,15836,4.2 
Nevada,1978,August,FALSE,FALSE,367712,382889,15177,4.0 
Nevada,1978,August,TRUE,FALSE,360563,376752,16189,4.3 
Nevada,1978,September,FALSE,FALSE,363281,379973,16692,4.4 
Nevada,1978,September,TRUE,FALSE,362483,379085,16602,4.4 
Nevada,1978,October,FALSE,FALSE,368924,384242,15318,4.0 
Nevada,1978,October,TRUE,FALSE,364517,381532,17015,4.5 
Nevada,1978,November,FALSE,FALSE,368678,384233,15555,4.0 
Nevada,1978,November,TRUE,FALSE,366695,384106,17411,4.5 
Nevada,1978,December,FALSE,FALSE,366340,383348,17008,4.4 
Nevada,1978,December,TRUE,FALSE,368864,386633,17769,4.6 
Nevada,1977,Annual,FALSE,FALSE,326885,350565,23680,6.8 
Nevada,1977,January,FALSE,FALSE,302263,336247,33984,10.1 
Nevada,1977,January,TRUE,FALSE,311692,340562,28870,8.5 
Nevada,1977,February,FALSE,FALSE,309826,340623,30797,9.0 
Nevada,1977,February,TRUE,FALSE,314431,342693,28262,8.2 
Nevada,1977,March,FALSE,FALSE,312624,340039,27415,8.1 
Nevada,1977,March,TRUE,FALSE,317304,344696,27392,7.9 
Nevada,1977,April,FALSE,FALSE,317807,341471,23664,6.9 
Nevada,1977,April,TRUE,FALSE,320144,346504,26360,7.6 
Nevada,1977,May,FALSE,FALSE,324541,345641,21100,6.1 
Nevada,1977,May,TRUE,FALSE,322831,348097,25266,7.3 
Nevada,1977,June,FALSE,FALSE,327428,354537,27109,7.6 
Nevada,1977,June,TRUE,FALSE,325371,349554,24183,6.9 
Nevada,1977,July,FALSE,FALSE,334114,358575,24461,6.8 
Nevada,1977,July,TRUE,FALSE,327915,351062,23147,6.6 
Nevada,1977,August,FALSE,FALSE,336052,357644,21592,6.0 
Nevada,1977,August,TRUE,FALSE,330606,352740,22134,6.3 
Nevada,1977,September,FALSE,FALSE,334956,356126,21170,5.9 
Nevada,1977,September,TRUE,FALSE,333479,354609,21130,6.0 
Nevada,1977,October,FALSE,FALSE,339180,357531,18351,5.1 
Nevada,1977,October,TRUE,FALSE,336441,356553,20112,5.6 
Nevada,1977,November,FALSE,FALSE,342486,360318,17832,4.9 
Nevada,1977,November,TRUE,FALSE,339372,358473,19101,5.3 
Nevada,1977,December,FALSE,FALSE,341341,358023,16682,4.7 
Nevada,1977,December,TRUE,FALSE,342151,360338,18187,5.0 
Nevada,1976,Annual,FALSE,FALSE,298870,327947,29077,8.9 
Nevada,1976,January,FALSE,FALSE,278580,314105,35525,11.3 
Nevada,1976,January,TRUE,FALSE,291933,321579,29646,9.2 
Nevada,1976,February,FALSE,FALSE,285104,318392,33288,10.5 
Nevada,1976,February,TRUE,FALSE,291651,321323,29672,9.2 
Nevada,1976,March,FALSE,FALSE,286328,314635,28307,9.0 
Nevada,1976,March,TRUE,FALSE,291820,321400,29580,9.2 
Nevada,1976,April,FALSE,FALSE,291589,319501,27912,8.7 
Nevada,1976,April,TRUE,FALSE,293430,322625,29195,9.0 
Nevada,1976,May,FALSE,FALSE,297948,322428,24480,7.6 
Nevada,1976,May,TRUE,FALSE,295681,324425,28744,8.9 
Nevada,1976,June,FALSE,FALSE,299632,329785,30153,9.1 
Nevada,1976,June,TRUE,FALSE,298204,326591,28387,8.7 
Nevada,1976,July,FALSE,FALSE,307231,336780,29549,8.8 
Nevada,1976,July,TRUE,FALSE,300492,328735,28243,8.6 
Nevada,1976,August,FALSE,FALSE,309409,337548,28139,8.3 
Nevada,1976,August,TRUE,FALSE,302339,330696,28357,8.6 
Nevada,1976,September,FALSE,FALSE,305198,333294,28096,8.4 
Nevada,1976,September,TRUE,FALSE,303985,332594,28609,8.6 
Nevada,1976,October,FALSE,FALSE,308988,336614,27626,8.2 
Nevada,1976,October,TRUE,FALSE,305580,334508,28928,8.6 
Nevada,1976,November,FALSE,FALSE,309123,336684,27561,8.2 
Nevada,1976,November,TRUE,FALSE,307303,336491,29188,8.7 
Nevada,1976,December,FALSE,FALSE,307312,335601,28289,8.4 
Nevada,1976,December,TRUE,FALSE,309309,338492,29183,8.6 
